id,computer_name,guest_flag,os,status,timestamp,user_hash
796337,LIBWKMCKP1F25H,t,Windows_NT,logout,2014-02-04 21:31:32.934,fI7Vw+seH/RCes2odbmhZQ==
796144,LIBWKMCKP1F74H,f,Windows_NT,logout,2014-02-05 18:58:22.802,qEL1biKxf/2ts8Zj6OtovQ==
796155,LIBWKCHMP1F1H,f,Windows_NT,logout,2014-02-06 19:32:31.639,gRL6rcRdKUQ+lx+dO+o1Rw==
796357,LIBWKMCKP2F7H,f,Windows_NT,logout,2014-02-05 18:27:15.459,dToc4y7YKrVrKBjnedu1Dg==
796180,LIBWKCHMP1F8H,f,Windows_NT,login,2014-02-06 20:29:24.459,bGpqxibBumnzFy98wouKtg==
796273,LIBWKMCKP3F2H,f,Windows_NT,logout,2014-02-07 13:57:55.306,Ffv0qhzu/Tbg/ASCWR6maw==
796125,LIBWKCHMP1F21H,f,Windows_NT,logout,2014-02-06 19:15:54.79,Za/2rx3NWWXIQlrGzjP9PA==
880121,libwkarcm1f2a,f,Mac OS X 10.8.5,logout,2014-04-28 17:13:55.681,MHb4oGufpCqalL371TyrzA==
796176,LIBWKCHMP1F7H,f,Windows_NT,logout,2014-02-06 18:52:17.479,rfpoWCj9KcjxLHNPvLnULQ==
796279,LIBWKMCKP1F18H,f,Windows_NT,logout,2014-02-04 17:04:02.519,HvCw3nF8sIcefMSUtvJsEw==
796353,LIBWKMCKP1F13H,f,Windows_NT,logout,2014-02-05 06:36:24.595,lbgxW9j1xJ/9lNgnzF7Okw==
796304,LIBWKMCKP6F2H,t,Windows_NT,logout,2014-02-07 17:34:05.762,JOnMwW3kkftwc5X5Z9SH2g==
796210,LIBWKMCKP1F45H,f,Windows_NT,logout,2014-02-05 12:43:55.577,h3VLew4qopH/KRLZEm/Q7A==
845714,LIBWKMCKP1F26X,f,Windows_NT,login,2014-04-29 07:48:53.119,AWrJxhoLYGJc2qrd9Vpj4A==
796138,LIBWKMCKP2F25H,f,Windows_NT,logout,2014-02-06 11:01:11.295,NX38eERqVk2S5qKfaThHBA==
796286,LIBWKMCKP1F16H,f,Windows_NT,logout,2014-02-04 20:15:30.063,S8nFekUwlbRjoY+YLQj9SA==
796258,LIBWKMCKP2F26H,f,Windows_NT,logout,2014-02-06 18:06:48.204,zE7DuBt0l9PuOQBoaE36Fw==
796148,LIBWKEPLP1F19D,f,Windows_NT,logout,2014-01-10 11:21:59.537,XHZ4SzfIbtSKGLa8f0/I5w==
796219,LIBWKNONPBF4A,f,Windows_NT,logout,2014-02-10 19:35:37.381,7qhuuEzESw+R4maXyzI7ig==
796248,LIBWKMCKP1F17H,f,Windows_NT,logout,2014-02-04 18:19:38.963,ZqnjTafSPRZ5HpBlM+yGnw==
796388,LIBWKMCKP1F73H,f,Windows_NT,logout,2014-02-05 22:33:22.002,7WQxoEO7TCVp6px58RZYpg==
796349,LIBWKMCKP1F57H,f,Windows_NT,logout,2014-02-05 19:22:03.479,mCiyYWsfQhX65yVsmi0lbg==
796281,LIBWKMCKP2F47H,f,Windows_NT,logout,2014-02-06 20:11:19.221,CeWAtYV2zqoDhWX2EDXKhg==
796127,LIBWKNONPBF27A,f,Windows_NT,logout,2014-02-10 15:54:26.917,lrb1yPmb091Rvhda/ml1Ag==
796183,LIBWKMCKP2F42H,f,Windows_NT,logout,2014-02-07 19:20:45.6,+fGFbFo/RMED+dNhwtuATA==
796297,LIBWKMCKP1F4H,f,Windows_NT,logout,2014-02-04 17:42:58.902,HHPI/5IAEAB3BajNMiAXWw==
796322,LIBWKMCKP2F60H,f,Windows_NT,logout,2014-02-07 15:08:04.629,u6UXa7GFFFx3Wk9Q5TdIbQ==
843888,WS002892,f,Windows_NT,logout,2014-02-06 22:12:47.321,64uMkw9w/ZMfozHeCj1sHg==
796158,LIBWKMCKP1F22H,f,Windows_NT,logout,2014-02-05 08:37:15.521,lbgxW9j1xJ/9lNgnzF7Okw==
796221,LIBWKMCKP2F27H,t,Windows_NT,logout,2014-02-06 18:30:33.884,qvl/JuG1wE63EMvKJCWF0A==
796355,LIBWKMCKP2F21H,f,Windows_NT,logout,2014-02-06 14:21:28.342,fDgNXEHUU03HGtghAq5t/g==
796301,LIBWKMCKP6F1H,f,Windows_NT,logout,2014-02-07 15:28:21.39,xxPbEjvcH+UpdKGVM4Ww5A==
796187,LIBWKMCKP2F43H,f,Windows_NT,logout,2014-02-07 16:27:01.9,XNs6s4SnVJ/et565/4NOyQ==
796160,LIBWKCHMP1F2H,f,Windows_NT,logout,2014-01-27 10:11:01.347,Hq+iPWDxSOF6QE7pwv4q6Q==
796140,LIBWKMCKP1F75H,f,Windows_NT,logout,2014-02-05 21:36:38.765,JZioNkzZEzbXFG1o1Sq2Xg==
796316,LIBWKMCKP1F94H,f,Windows_NT,login,2014-01-21 19:24:26.191,lbgxW9j1xJ/9lNgnzF7Okw==
850447,LIBWKNONPBF7X,f,Windows_NT,logout,2014-04-28 17:54:54.025,e16WA4JGewd3Iy3M7HGkKQ==
796242,LIBWKMCKP6F722B,f,Windows_NT,logout,2014-01-14 14:16:32.702,lbgxW9j1xJ/9lNgnzF7Okw==
799477,LIBWKMCKP2F54H,f,Windows_NT,logout,2014-02-06 20:02:57.194,PYIb95v1taMVey4HL7Rz8w==
799292,LIBWKMCKP2F52H,t,Windows_NT,logout,2014-02-06 21:16:11.901,XfZYSHlckGrZK7ysszeMZw==
796345,LIBWKMCKP1F27H,f,Windows_NT,logout,2014-02-04 16:50:40.787,nOhweWyoVkx/eS4SRso00w==
977032,libwkmck2ftest,f,Mac OS X 10.9.2,login,2014-03-21 12:34:31.334,lbgxW9j1xJ/9lNgnzF7Okw==
796142,LIBWKMCKP1F69H,f,Windows_NT,logout,2014-01-21 19:12:00.671,lbgxW9j1xJ/9lNgnzF7Okw==
796136,LIBWKMCKP2F40H,f,Windows_NT,logout,2014-02-06 20:28:27.418,ZoG5PcSf3C2+3oecmYVZ8w==
796380,LIBWKMCKP1F79H,f,Windows_NT,logout,2014-02-05 22:58:10.487,0eycVg2WWK3NrEIXcEUP8g==
796162,LIBWKCHMP1F3H,f,Windows_NT,logout,2014-02-06 18:04:52.167,jUrllSneHZL/ZomsiDtOSg==
796129,LIBWKNONPBF5A,f,Windows_NT,logout,2014-02-10 18:17:34.685,30sGsjPLMxRqGBTJlVrPaQ==
798208,LIBWKMCKP1F60H,t,Windows_NT,logout,2014-02-05 22:01:49.725,GahjKCrIMdcZkfOp9Djxkg==
796277,LIBWKMCKP1F58H,f,Windows_NT,logout,2014-02-05 21:05:21.038,jHL/43ZZKFGMONvy/CtjOg==
850453,LIBWKMCKRE-763,f,Windows_NT,logout,2014-02-11 06:15:46.871,lbgxW9j1xJ/9lNgnzF7Okw==
796178,LIBWKNONPBF1A,f,Windows_NT,logout,2014-02-10 18:15:31.131,gF/VsBgDwTiQPfniRHLKYA==
796365,LIBWKNONPBF19A,f,Windows_NT,logout,2014-02-10 17:48:39.89,lrb1yPmb091Rvhda/ml1Ag==
796334,LIBWKNONPBF24A,f,Windows_NT,logout,2014-02-10 19:22:48.355,0zD5IG1diyxUbgfqMxOmqw==
850450,LIBWKNONPBF9X,f,Windows_NT,logout,2014-04-28 17:25:08.05,uSfWE1yfZUCEAktZL2KfJw==
796195,LIBWKMCKP1F20H,f,Windows_NT,logout,2014-01-24 16:52:24.672,L43I0hJd/NZdt4l7cEOlng==
805391,LIBWKMCKP1F68H,f,Windows_NT,logout,2014-02-05 22:31:50.579,EEDHfWMNKkjLuAzuL0MjWQ==
796171,LIBWKMCKP1F77H,t,Windows_NT,logout,2014-02-05 22:32:21.862,z9yx6Cxrc6Ejt4Gd0Wj8wA==
796374,LIBWKNONPBF2A,f,Windows_NT,logout,2014-02-10 21:58:32.38,uoyO7yzkp16yZEhbqrv2rg==
835366,LIBWKARCP1F5A,f,Windows_NT,logout,2014-04-28 19:28:40.965,agkgC+MGX4tnrgRM5gPQAw==
832283,LIBWKARTP1F3H,f,Windows_NT,logout,2014-02-18 11:03:48.647,UeYXKQYUiUUBcOxf/NuuXQ==
873554,LIBWKEPLPBF2X,f,Windows_NT,logout,2014-04-28 22:51:01.364,vNzmNWn3F79LacaujntwTA==
850465,LIBWKMCKRE-2712,f,Windows_NT,logout,2014-02-11 06:25:45.623,lbgxW9j1xJ/9lNgnzF7Okw==
843493,LIBWKMCKDEL-844,f,Windows_NT,login,2014-02-18 16:50:04.82,lbgxW9j1xJ/9lNgnzF7Okw==
796318,LIBWKEPLP1F25D,f,Windows_NT,logout,2014-01-08 13:34:18.649,+wqVyVayBdEegSm3hkOqkw==
796255,LIBWKMCKP1F78H,f,Windows_NT,login,2014-01-21 19:36:27.528,lbgxW9j1xJ/9lNgnzF7Okw==
1061577,LIBWKMCKDEL-133,f,Windows_NT,logout,2014-04-10 02:23:08.102,lbgxW9j1xJ/9lNgnzF7Okw==
796231,LIBWKATL2339,f,Windows_NT,login,2014-04-28 14:13:11.951,T5p3d1UfRME93ZIHXlqaYQ==
796623,LIBWKMCKP2F56H,f,Windows_NT,logout,2014-02-07 15:06:22.477,lbgxW9j1xJ/9lNgnzF7Okw==
796399,LIBWKMCKP2F67H,f,Windows_NT,logout,2014-02-07 16:25:46.276,EzQWCh7/Ix28f/s3h2cLjQ==
796730,LIBWKMCKP2F65H,f,Windows_NT,logout,2014-02-07 12:40:41.435,G7SlGnrfYWh1NwfagID8Bg==
796805,LIBWKMCKP2F48H,f,Windows_NT,logout,2014-02-06 22:11:28.992,emAt7pitkP5W1iWKgHz+SQ==
796407,LIBWKMCKP1F96H,f,Windows_NT,logout,2014-01-21 19:13:26.054,lbgxW9j1xJ/9lNgnzF7Okw==
796481,LIBWKMCKP2F33H,f,Windows_NT,logout,2014-02-06 22:33:04.033,hE5nbnmC3quJkYiY1MxtNQ==
796643,LIBWKEPLP1F24D,f,Windows_NT,logout,2014-01-13 11:15:18.321,lbgxW9j1xJ/9lNgnzF7Okw==
796544,LIBWKMCKP1F35H,f,Windows_NT,logout,2014-02-05 17:05:12.254,v8pfWSmwGlEZNRvAsaORrg==
796146,LIBWKEPLP1F20D,f,Windows_NT,logout,2014-01-08 16:03:29.805,g722CtM04bVPCOSEqCBP9g==
796754,LIBWKMCKP2F34H,f,Windows_NT,logout,2014-02-06 22:47:31.216,CEhsQ25MJ6MUJ27kdYcerg==
796633,LIBWKMCKP2F55H,f,Windows_NT,logout,2014-02-06 20:40:02.631,J4beS7onfApaOj57CeHxWQ==
796752,LIBWKNONPBF17A,f,Windows_NT,logout,2014-02-10 16:30:20.543,CqosNdq8eN+tONXVjFiD9w==
796412,LIBWKMCKP1F7H,f,Windows_NT,logout,2014-02-04 17:05:57.997,y/MxoxdLLGSOVn5vIcErmQ==
796841,LIBWKMCKP2F62H,f,Windows_NT,logout,2014-02-07 15:13:02.268,lbgxW9j1xJ/9lNgnzF7Okw==
796798,LIBWKMCKP2F30H,f,Windows_NT,logout,2014-02-06 22:52:58.556,9RKqAp3771HDDd8J3cyIzw==
796832,LIBWKMCKP1F40H,f,Windows_NT,logout,2014-02-05 22:46:37.601,PBjmqit3a9zkXqhx++QemQ==
850495,LIBWKMCKRE-0386,f,Windows_NT,logout,2014-02-11 07:05:09.391,lbgxW9j1xJ/9lNgnzF7Okw==
799447,LIBWKMCKP2F53H,f,Windows_NT,logout,2014-02-06 23:00:04.863,z1P2tfKEDtkwRcuBy3BUWA==
796416,LIBWKMCKP1F99H,f,Windows_NT,logout,2014-01-21 19:25:50.456,lbgxW9j1xJ/9lNgnzF7Okw==
796465,LIBWKARCP1F1A,f,Windows_NT,logout,2014-04-28 14:00:24.28,94EpwdXNUMI4xo+2j8veKQ==
796589,LIBWKMCKP2F18H,f,Windows_NT,logout,2014-02-06 21:27:51.21,dqwg7VymgZWJL00EflaPeA==
796420,LIBWKMCKP2F39H,f,Windows_NT,logout,2014-02-06 23:02:10.496,oSAqbJmhiL98ArqORK1BwQ==
850513,LIBWKNONPBF15X,f,Windows_NT,logout,2014-04-28 17:33:20.474,stEIZgaqBbESNOZWnlZMBQ==
796540,LIBWKMCKP1F34H,f,Windows_NT,logout,2014-02-04 18:02:12.108,WQfDHBhLIOWqW1vrZc0TSA==
873933,LIBWKEPLM1F9A,f,Mac OS X 10.8.5,login,2014-04-28 10:30:12.816,N918aNUsZH2sIPbeJv5gzw==
796478,LIBWKARTP1F5A,f,Windows_NT,login,2014-04-28 20:32:44.969,zuhIsDr2t4oufuEiuWppiA==
796569,LIBWKMCKP7F1H,f,Windows_NT,logout,2014-02-07 13:45:54.474,FoWEFZeodLaYT7xWgXQtdA==
796612,LIBWKMCKP2F69H,f,Windows_NT,logout,2014-02-07 09:19:27.52,SvGz+l9YryFjOm8saTtJuw==
796736,LIBWKMCKP1F6H,f,Windows_NT,logout,2014-02-04 22:38:00.254,fC45MBQO6dWD09sbhaIRUw==
796761,LIBWKMCKP1F31H,f,Windows_NT,logout,2014-02-04 20:09:14.176,S8nFekUwlbRjoY+YLQj9SA==
796617,LIBWKMCKP2F71H,f,Windows_NT,logout,2014-01-27 15:30:42.517,1YK3SZmH07t/hwLYZ3rRXA==
850547,LIBWKNONPBF11X,f,Windows_NT,logout,2014-04-28 15:55:12.759,lbgxW9j1xJ/9lNgnzF7Okw==
796756,LIBWKMCKP1F12H,t,Windows_NT,logout,2014-02-04 16:54:30.393,lXciEQDhZ/jjWqug6NxLMg==
894566,LIBWKWINDOWS,f,Windows_NT,login,2014-02-24 17:00:05.816,lbgxW9j1xJ/9lNgnzF7Okw==
796605,LIBWKEPLP1F26D,f,Windows_NT,logout,2014-01-08 13:41:37.937,+wqVyVayBdEegSm3hkOqkw==
796508,LIBWKMCKP1F15H,f,Windows_NT,logout,2014-02-04 19:35:31.293,zy0GAky8Oy9DyCIaPzZKsQ==
796621,LIBWKMCKP2F23H,f,Windows_NT,logout,2014-02-06 18:20:54.39,OEpZxDQZ1p3Hi0bEx0TSBQ==
796446,LIBWKMCKP2F29H,f,Windows_NT,logout,2014-02-06 21:48:11.341,+ip3kFUCr1wxBylo7w9nYg==
796844,LIBWKEPLP1F7C,f,Windows_NT,logout,2014-01-08 16:26:30.045,lbgxW9j1xJ/9lNgnzF7Okw==
796554,LIBWKMCKP1F46H,f,Windows_NT,login,2014-02-05 12:42:19.685,3YDScpke7r45aaHyQDPRRA==
850543,LIBWKMCKRE-0859,f,Windows_NT,logout,2014-02-11 07:58:23.973,lbgxW9j1xJ/9lNgnzF7Okw==
796574,LIBWKMCKP7F2H,f,Windows_NT,logout,2014-02-07 16:04:56.828,NmO/E8AErn7ItMGxzzfWuA==
850479,LIBWKNONPBF8X,f,Windows_NT,logout,2014-04-28 17:06:28.268,Nu/YymZXX+jgg0a5310ilg==
873892,libwkartm2f3a,f,Mac OS X 10.8.5,logout,2014-04-28 17:44:06.882,f7/UIXPe2QQbyk5hPh1Gdg==
1054919,LIBWKMCKDEL-556,f,Windows_NT,logout,2014-04-08 23:43:18.37,lbgxW9j1xJ/9lNgnzF7Okw==
850477,LIBWKNONPBF4X,f,Windows_NT,logout,2014-04-28 18:18:47.745,IGILxGbB2jHZhdPCI4vwBQ==
850522,LIBWKNONPBF13X,f,Windows_NT,logout,2014-04-28 17:13:22.646,wO51WjKKmWq1Be8RerIDlA==
868979,LIBWKPALP1F14X,f,Windows_NT,logout,2014-04-28 19:12:19.86,IEhciQ/5pdjaNHIK1mqHJQ==
796615,LIBWKMCKP2F70H,f,Windows_NT,logout,2014-01-27 15:28:41.702,qYDtcYPxOAy7DafdTMFq3A==
880505,libwkartm1f4a,f,Mac OS X 10.8.5,logout,2014-04-28 13:56:38.217,V8DYYQyIxPUfn65QRqBtsg==
796522,LIBWKMCKP1F83H,f,Windows_NT,login,2014-02-02 07:12:05.392,lbgxW9j1xJ/9lNgnzF7Okw==
850508,LIBWKMCKRE-4609,f,Windows_NT,logout,2014-02-11 07:57:03.862,lbgxW9j1xJ/9lNgnzF7Okw==
796425,LIBWKMCKP1F100H,f,Windows_NT,logout,2014-01-21 19:52:58.958,lbgxW9j1xJ/9lNgnzF7Okw==
796532,LIBWKMCKP1F2H,f,Windows_NT,logout,2014-01-21 17:42:03.389,lbgxW9j1xJ/9lNgnzF7Okw==
796653,LIBWKMCKP1F92H,f,Windows_NT,logout,2014-01-21 19:23:51.565,lbgxW9j1xJ/9lNgnzF7Okw==
796486,LIBWKMD196193,f,Windows_NT,logout,2014-02-17 12:46:27.646,lbgxW9j1xJ/9lNgnzF7Okw==
850644,LIBWKNONPBF17X,f,Windows_NT,logout,2014-04-28 16:28:33.495,sMEAKSs8AsXUYcoh5CjZ/w==
796473,LIBWKMCKP1F95H,f,Windows_NT,logout,2014-01-21 19:30:19.108,lbgxW9j1xJ/9lNgnzF7Okw==
1070198,LIBWKMCKDEL-356,f,Windows_NT,logout,2014-04-11 13:43:45.837,lbgxW9j1xJ/9lNgnzF7Okw==
796418,LIBWKMCKP1F98H,f,Windows_NT,logout,2014-01-21 19:13:29.595,lbgxW9j1xJ/9lNgnzF7Okw==
796664,LIBWKMCKP1F91H,f,Windows_NT,logout,2014-01-21 19:10:21.362,lbgxW9j1xJ/9lNgnzF7Okw==
1061580,LIBWKMCKDEL-114,f,Windows_NT,logout,2014-04-10 02:23:14.699,lbgxW9j1xJ/9lNgnzF7Okw==
796401,LIBWKARTP1F7A,f,Windows_NT,logout,2014-04-28 16:12:11.829,nPgxSydimSE02vWgLE0RQQ==
1061575,LIBWKMCKDEL-138,f,Windows_NT,logout,2014-04-10 02:23:54.397,lbgxW9j1xJ/9lNgnzF7Okw==
926625,jssbuilder,f,Mac OS X 10.9.2,login,2014-03-04 19:52:02.249,lbgxW9j1xJ/9lNgnzF7Okw==
796661,LIBWKMCKP6F709B,f,Windows_NT,logout,2014-01-13 16:06:57.558,lbgxW9j1xJ/9lNgnzF7Okw==
796869,LIBWKEPLP1F23D,f,Windows_NT,logout,2014-01-08 16:39:21.586,lbgxW9j1xJ/9lNgnzF7Okw==
796876,LIBWKMCKP2F36H,f,Windows_NT,logout,2014-02-06 16:19:25.566,yTK7iTbjkXkyPTGtUUZ5pQ==
929679,LIBWKMCKDEL-765,f,Windows_NT,logout,2014-03-05 12:05:40.82,lbgxW9j1xJ/9lNgnzF7Okw==
797227,LIBWKMCKP1F90J,f,Windows_NT,logout,2014-01-21 19:37:43.572,lbgxW9j1xJ/9lNgnzF7Okw==
796926,LIBWKMCKP2F41H,f,Windows_NT,logout,2014-02-06 20:00:24.34,W+aSzRM9QohBipKuAIUHIA==
797267,LIBWKMCKP6F109B,t,Windows_NT,logout,2014-01-09 11:41:37.041,gSOKd5aRaOXxAWvGvHqwbA==
797239,LIBWKMCKP6F715B,f,Windows_NT,logout,2014-01-16 11:54:48.143,uAbgpSd0xAwJ19GWjpQZuQ==
796998,LIBWKMCKDEL-896,f,Windows_NT,logout,2014-01-08 18:15:34.035,lbgxW9j1xJ/9lNgnzF7Okw==
797057,LIHWKMCKP6F707H,f,Windows_NT,logout,2014-01-08 18:48:28.002,lbgxW9j1xJ/9lNgnzF7Okw==
797066,LIHWKMCKP6F710H,f,Windows_NT,logout,2014-01-08 18:50:16.307,lbgxW9j1xJ/9lNgnzF7Okw==
797004,LIHWKMCKP6F703H,f,Windows_NT,logout,2014-01-08 18:26:50.062,lbgxW9j1xJ/9lNgnzF7Okw==
797022,LIBWKMCKDEL-152,f,Windows_NT,logout,2014-01-08 18:28:57.847,lbgxW9j1xJ/9lNgnzF7Okw==
797063,LIHWKMCKP6F726H,f,Windows_NT,logout,2014-01-08 18:50:49.154,lbgxW9j1xJ/9lNgnzF7Okw==
797251,LIBWKMCKP6F732B,f,Windows_NT,logout,2014-01-14 14:18:17.478,lbgxW9j1xJ/9lNgnzF7Okw==
797020,LIBWKEPLP1F20H,f,Windows_NT,login,2014-01-23 19:48:39.65,lbgxW9j1xJ/9lNgnzF7Okw==
797318,LIBWKMCKP2F66H,f,Windows_NT,logout,2014-02-07 15:05:36.972,O3k9LJr829IIW+hbuO6++g==
796975,LIBWKMCKP6F705B,f,Windows_NT,logout,2014-01-14 15:13:09.821,lbgxW9j1xJ/9lNgnzF7Okw==
797265,LIBWKMCKP6F725B,f,Windows_NT,logout,2014-01-14 15:03:13.426,lbgxW9j1xJ/9lNgnzF7Okw==
797041,LIBWKMCKDEL-324,f,Windows_NT,logout,2014-01-08 18:37:18.435,lbgxW9j1xJ/9lNgnzF7Okw==
797047,LIBWKMCKDEL-336,f,Windows_NT,logout,2014-04-14 01:21:33.289,lbgxW9j1xJ/9lNgnzF7Okw==
797050,LIBWKMCKDEL-335,f,Windows_NT,logout,2014-01-08 18:38:41.071,lbgxW9j1xJ/9lNgnzF7Okw==
797332,LIBWKMCKP6F730B,f,Windows_NT,logout,2014-01-15 13:56:32.862,lbgxW9j1xJ/9lNgnzF7Okw==
796848,LIBWKEPLP1F4C,f,Windows_NT,logout,2014-01-08 19:30:41.636,lbgxW9j1xJ/9lNgnzF7Okw==
797260,LIBWKMCKP6F728B,f,Windows_NT,logout,2014-01-22 12:52:46.995,vgzZiczFh1p3iWCqrJxRMg==
797243,LIBWKMCKP6F123B,t,Windows_NT,login,2014-01-09 09:04:11.373,U4Tsb4SiTvPISzeoVrkUqA==
797055,LIBWKEPLP1F23H,f,Windows_NT,logout,2014-01-23 19:47:54.209,lbgxW9j1xJ/9lNgnzF7Okw==
797102,LIBWKEPLP1F22D,f,Windows_NT,logout,2014-01-08 19:49:47.782,lbgxW9j1xJ/9lNgnzF7Okw==
797213,LIBWKMCKP6F116B,t,Windows_NT,logout,2014-01-09 12:02:41.635,77FPyemkVUuSEGNoIYTl7Q==
797149,LIBWKEPLP1F29D,f,Windows_NT,logout,2014-01-10 13:19:59.549,oKSgJ6BMym/FcHC4iEH4oQ==
929744,LIBWKARTP1F3X,f,Windows_NT,logout,2014-04-27 15:47:24.39,OjkPa8GhbyWoBL80ZBesGQ==
797202,LIBWKMCKP2F1H,f,Windows_NT,logout,2014-02-06 10:54:12.436,xDgB6XxAPv4C3ayRlH37oA==
797026,LIBWKEPLP1F7H,f,Windows_NT,logout,2014-01-23 20:36:08.961,lbgxW9j1xJ/9lNgnzF7Okw==
796716,LIBWKMCKP2F20H,f,Windows_NT,logout,2014-02-06 20:20:47.329,gLpwQJVLSwnVY1zNRnuXhw==
797245,LIBWKMCKP6F119B,f,Windows_NT,logout,2014-01-09 12:03:09.462,lnygRLDAq9xGCKfmjL+D7A==
797308,LIBWKMCKP2F64H,f,Windows_NT,logout,2014-02-07 14:53:05.077,lbgxW9j1xJ/9lNgnzF7Okw==
797233,LIBWKMCKP6F716B,f,Windows_NT,logout,2014-01-23 11:09:00.976,lbgxW9j1xJ/9lNgnzF7Okw==
1054923,LIBWKMCKDEL-562,f,Windows_NT,logout,2014-04-08 23:44:14.175,lbgxW9j1xJ/9lNgnzF7Okw==
850676,LIBWKMCKRE-1123,f,Windows_NT,logout,2014-02-11 08:50:57.657,lbgxW9j1xJ/9lNgnzF7Okw==
797276,LIBWKMCKP6F103B,t,Windows_NT,login,2014-01-09 11:16:04.717,K9b3tr4QRVPtEYlPc3tqdg==
797254,LIBWKMCKP6F724B,f,Windows_NT,logout,2014-01-14 15:12:20.765,lbgxW9j1xJ/9lNgnzF7Okw==
797223,LIBWKMCKP6F108B,t,Windows_NT,login,2014-01-09 11:16:51.488,3x5r3Ps0nd0YJOn7iFPy2w==
797280,LIBWKMCKP6F129B,t,Windows_NT,logout,2014-01-09 09:46:54.481,k1QDm7omvAvLNmwZi1bqmg==
797028,LIHWKMCKP6F708H,f,Windows_NT,login,2014-01-23 10:02:24.531,lbgxW9j1xJ/9lNgnzF7Okw==
797249,LIBWKMCKP6F105B,f,Windows_NT,login,2014-01-16 15:01:53.636,xMuhSdgwTyM94oc5QKT5sw==
797217,LIBWKMCKP6F115B,f,Windows_NT,logout,2014-01-10 17:05:46.694,fyojRFcP3WjCsSXNyTwdHQ==
797274,LIBWKMCKP6F702B,f,Windows_NT,logout,2014-01-23 11:18:17.506,lbgxW9j1xJ/9lNgnzF7Okw==
797270,LIBWKMCKP6F706B,f,Windows_NT,logout,2014-01-23 11:18:08.206,lbgxW9j1xJ/9lNgnzF7Okw==
797287,LIBWKMCKP6F128B,t,Windows_NT,login,2014-01-09 11:17:08.524,IGmqXHC4EVCXMttblhkb3w==
796866,LIBWKMCKP1F93H,f,Windows_NT,logout,2014-01-21 20:45:49.32,lbgxW9j1xJ/9lNgnzF7Okw==
797235,LIBWKMCKP6F106B,f,Windows_NT,logout,2014-01-11 14:40:12.708,xMuhSdgwTyM94oc5QKT5sw==
797262,LIBWKMCKP6F122B,f,Windows_NT,logout,2014-01-18 14:59:47.918,OxlYJiaCMjVpbNvkK1k6WQ==
797292,LIBWKMCKP6F107B,t,Windows_NT,logout,2014-01-09 11:55:14.741,//HDHiIxmfDrSZcF88HMRg==
797189,LIBWKMCKP1F59H,f,Windows_NT,logout,2014-01-24 16:49:11.085,/fG8Hj89dApVAMmAa8hqdQ==
797334,LIBWKMCKP6F104B,t,Windows_NT,login,2014-01-09 11:15:45.447,8/FazB+3Ia2kKH0YMeUa3Q==
797241,LIBWKMCKDEL-641,t,Windows_NT,logout,2014-01-09 11:40:29.818,7ylE+VJWGqbDKYQNwFNLNw==
797225,LIBWKMCKP6F127B,t,Windows_NT,logout,2014-01-09 12:05:10.789,rxDb3p6AEGqlIZ3J/Lw6uw==
797231,LIBWKMCKP6F124B,t,Windows_NT,logout,2014-01-09 11:03:04.14,gSOKd5aRaOXxAWvGvHqwbA==
797215,LIBWKMCKP6F114B,t,Windows_NT,login,2014-01-09 11:17:05.313,hPZAkQ8MceUGn9MvaxVUog==
797229,LIBWKMCKP6F117B,t,Windows_NT,login,2014-01-09 11:15:45.706,v7s5cQY3C+8YZEZmwjIhHA==
797211,LIBWKMCKP6F112B,t,Windows_NT,logout,2014-01-09 11:39:49.727,Cq4tSFDSXAxL9o4npmyLCg==
797219,LIBWKMCKP6F126B,t,Windows_NT,login,2014-01-09 11:16:46.682,eVbm8Xv+FnbDyXue08J3eg==
797247,LIBWKMCKP6F113B,t,Windows_NT,login,2014-01-09 11:18:12.122,rMrqMf6gIvO2TLK3sK9rDw==
797221,LIBWKMCKP6F125B,t,Windows_NT,logout,2014-01-09 12:06:49.856,MtmWkxKKiCYxXLeq5aJAvg==
797073,LIBWKEPLP1F28H,f,Windows_NT,logout,2014-01-23 19:43:20.765,lbgxW9j1xJ/9lNgnzF7Okw==
797256,LIBWKMCKDEL-621,f,Windows_NT,logout,2014-01-13 16:13:54.914,lbgxW9j1xJ/9lNgnzF7Okw==
1048696,LIBWKMCKM6F319B,f,Mac OS X 10.8.5,logout,2014-04-08 08:51:57.984,lbgxW9j1xJ/9lNgnzF7Okw==
874119,LIBWKMCKM2F85A,f,Mac OS X 10.8.5,logout,2014-04-28 15:32:32.638,p7KmPJZhwgmvFbxp0XhAlw==
798513,LIBWKMCKP1F32H,f,Windows_NT,logout,2014-02-05 16:47:59.421,O7f1E+RoIfawwN5nej91DQ==
797362,LIBWKMCKP1F37H,f,Windows_NT,logout,2014-02-05 18:35:46.187,+de+7P4MAtMWpsGmzpObVA==
797477,LIBWKMCKP6F118B,t,Windows_NT,logout,2014-01-09 10:54:56.589,//HDHiIxmfDrSZcF88HMRg==
797464,LIBWKMCKP6F133B,t,Windows_NT,logout,2014-01-09 10:56:36.183,6FpMKy5qcLZmBuYSDEeGfw==
796619,LIBWKMCKP2F22H,f,Windows_NT,logout,2014-02-06 15:04:27.327,lbgxW9j1xJ/9lNgnzF7Okw==
797713,LIBWKMCKP1F5H,f,Windows_NT,logout,2014-02-04 17:25:42.891,Q67B4bfOBcE4o/gOfHO3dA==
798046,LIBWKARTP1F8A,f,Windows_NT,logout,2014-04-28 19:59:49.055,gbcZInmFonsbd+1nZglDGQ==
881293,libwkartm1f6a,f,Mac OS X 10.8.5,logout,2014-04-28 20:44:50.975,ab9W3eG0U6FG3QgCVI+F/Q==
797340,LIBWKMCKP6F319B,t,Windows_NT,logout,2014-01-09 11:02:56.207,cS/S/56dgKxEjt5XhwWUxw==
797285,LIBWKMCKP6F711B,f,Windows_NT,logout,2014-01-13 16:08:44.551,lbgxW9j1xJ/9lNgnzF7Okw==
796978,LIBWKMCKP6F704B,f,Windows_NT,logout,2014-01-23 11:18:33.171,lbgxW9j1xJ/9lNgnzF7Okw==
797496,LIBWKMCKP6F307B,t,Windows_NT,logout,2014-01-09 11:35:07.82,2chm5+4ao9zdHJv3KrjMkg==
797454,LIBWKMCKP6F302B,t,Windows_NT,logout,2014-01-09 11:41:13.327,2chm5+4ao9zdHJv3KrjMkg==
797457,LIBWKMCKDEL-454,t,Windows_NT,logout,2014-01-09 11:41:33.124,5qTZxynGyzyPTJUYGlxufg==
797445,LIBWKMCKP6F309B,t,Windows_NT,logout,2014-01-09 11:41:52.344,5Csyi4WeKmceUFO/xGUuyQ==
798119,LIBWKNONPB10A,f,Windows_NT,logout,2014-02-10 18:16:36.395,unFL4q5drjVPnsGXv+FHgg==
797620,LIBWKMCKP6F135B,t,Windows_NT,login,2014-01-09 11:43:27.16,m8HKtvw0Sk4JAhKXB0Kx7g==
797439,LIBWKMCKP6F304B,t,Windows_NT,login,2014-01-09 10:10:27.639,OQuSAW3TgYtmZmWZ/Y/E3w==
797960,LIBWKMCKP2F2H,f,Windows_NT,logout,2014-02-05 16:27:32.957,4Udc48zxhbe4cLIsySQYdQ==
797366,LIBWKMCKP6F315B,t,Windows_NT,login,2014-01-09 10:11:40.751,kmTNS5FRuegXnKRJSU3lFg==
797353,LIBWKMCKP6F321B,t,Windows_NT,login,2014-01-09 10:14:45.729,cS/S/56dgKxEjt5XhwWUxw==
797829,LIBWKMCKDEL-474,f,Windows_NT,logout,2014-01-09 13:26:48.664,lbgxW9j1xJ/9lNgnzF7Okw==
1054926,LIBWKMCKDEL-575,f,Windows_NT,logout,2014-04-08 23:44:33.392,lbgxW9j1xJ/9lNgnzF7Okw==
797370,LIBWKEPLP1F21D,f,Windows_NT,logout,2014-01-10 11:56:39.698,lbgxW9j1xJ/9lNgnzF7Okw==
797885,LIBWKNONPBF9A,f,Windows_NT,logout,2014-02-10 18:08:46.941,Y5JCF734WAwH6cJZ8UiV5w==
798123,LIBWKPAL1F25G,f,Windows_NT,logout,2014-02-17 19:02:01.736,SjiPe5hvaWr73AE7gRK1kQ==
797343,LIBWKMCKP6F320B,t,Windows_NT,login,2014-01-09 10:45:09.778,5Csyi4WeKmceUFO/xGUuyQ==
797347,LIBWKMCKP6F322B,t,Windows_NT,login,2014-01-09 10:45:16.029,3x5r3Ps0nd0YJOn7iFPy2w==
797622,LIBWKNONPBF3A,f,Windows_NT,logout,2014-02-11 08:56:41.495,Fys150Fx2Vwke/Q57ApX0g==
797449,LIBWKMCKP6F132B,t,Windows_NT,logout,2014-01-09 10:51:35.24,MtmWkxKKiCYxXLeq5aJAvg==
797693,LIBWKCHMP1F11H,f,Windows_NT,logout,2014-02-04 17:08:46.112,S+1xx6tW5Rhbm8sy8qiuRw==
797777,LIBWKMCKP1F84H,f,Windows_NT,logout,2014-02-02 08:33:51.494,lbgxW9j1xJ/9lNgnzF7Okw==
797345,LIBWKMCKP6F318B,t,Windows_NT,logout,2014-01-09 11:50:19.147,g5Kad5ASFfhoqIGU4VnJGQ==
797349,LIBWKMCKP6F314B,t,Windows_NT,logout,2014-01-09 11:53:13.988,kmTNS5FRuegXnKRJSU3lFg==
797355,LIBWKMCKP6F316B,t,Windows_NT,logout,2014-01-09 11:53:30.14,ciEhfarhaKVp6nWYmuu2vA==
797796,LIBWKMCKDEL-337,f,Windows_NT,logout,2014-01-09 13:18:56.437,lbgxW9j1xJ/9lNgnzF7Okw==
797351,LIBWKMCKP6F317B,t,Windows_NT,logout,2014-01-09 11:54:37.176,6FpMKy5qcLZmBuYSDEeGfw==
797459,LIBWKMCKP6F306B,t,Windows_NT,logout,2014-01-09 11:56:43.571,x4J17xSzJndUiaN4ok55Mw==
797447,LIBWKMCKP6F305B,t,Windows_NT,logout,2014-01-09 12:01:01.496,lxsglUZ0r543ROfg0qrDtg==
797357,LIBWKMCKP6F313B,t,Windows_NT,logout,2014-01-09 12:09:30.019,cS/S/56dgKxEjt5XhwWUxw==
797096,LIBWKMCKP2F58H,f,Windows_NT,logout,2014-02-07 17:10:55.735,xU/ewlZ+Ysgdtc00lIETPw==
797798,LIBWKMCKDEL-338,f,Windows_NT,logout,2014-01-09 13:19:30.851,lbgxW9j1xJ/9lNgnzF7Okw==
796239,LIBWKMCKP1F1H,f,Windows_NT,login,2014-02-04 18:12:44.832,msBcusEifQaR3Gs3umeo+Q==
797715,LIBWKMCKP1F38H,f,Windows_NT,logout,2014-02-05 19:26:27.764,K2rBa91jPPHN10EJNOoeag==
797979,LIBWKMCKP2F19H,f,Windows_NT,logout,2014-02-06 19:04:28.581,lTQwvVRdQ/xO0pcaYeTmKw==
798094,LIBWKNONPBF25A,f,Windows_NT,logout,2014-02-10 17:25:06.151,lbgxW9j1xJ/9lNgnzF7Okw==
797817,LIBWKMCKDEL-489,f,Windows_NT,logout,2014-01-09 13:25:21.446,lbgxW9j1xJ/9lNgnzF7Okw==
797813,LIHWKMCKP6F102H,f,Windows_NT,logout,2014-01-09 13:35:53.472,lbgxW9j1xJ/9lNgnzF7Okw==
797823,LIBWKMCKDEL-486,f,Windows_NT,logout,2014-01-09 13:25:37.124,lbgxW9j1xJ/9lNgnzF7Okw==
797858,LIHWKMCKP6F308H,f,Windows_NT,logout,2014-01-09 13:44:25.35,lbgxW9j1xJ/9lNgnzF7Okw==
798127,LIBWKNONPBF15A,f,Windows_NT,logout,2014-02-10 21:55:42.568,XTsPIHKu6/IlDbX/1lOF1A==
797849,LIBWKMCKDEL-614,f,Windows_NT,logout,2014-01-09 13:32:12.393,lbgxW9j1xJ/9lNgnzF7Okw==
797639,LIBWKNONPBF23A,f,Windows_NT,logout,2014-02-10 19:00:49.537,VeOgtnwcCDR93OcZYkvaqQ==
797835,LIHWKMCKP6F310H,f,Windows_NT,logout,2014-01-09 13:36:37.765,lbgxW9j1xJ/9lNgnzF7Okw==
797815,LIHWKMCKP6F311H,f,Windows_NT,logout,2014-01-09 13:36:59.043,lbgxW9j1xJ/9lNgnzF7Okw==
797837,LIHWKMCKP6F323H,f,Windows_NT,logout,2014-01-09 13:38:33.519,lbgxW9j1xJ/9lNgnzF7Okw==
797846,LIHWKMCKP6F312H,f,Windows_NT,logout,2014-01-09 13:42:30.107,lbgxW9j1xJ/9lNgnzF7Okw==
855586,LIBWKEPLP1F16X,f,Windows_NT,logout,2014-04-28 18:08:39.598,IrVEisEgDOEp9RGJjPhnrQ==
1049670,LIBWKMCKDEL-956,f,Windows_NT,logout,2014-04-08 10:58:22.121,lbgxW9j1xJ/9lNgnzF7Okw==
798242,LIBWKMCKP2F31H,f,Windows_NT,logout,2014-02-06 22:45:44.03,mmsEFnwWeB4NB1gQiyPDrw==
797878,LIBWKPAL1F26G,f,Windows_NT,logout,2014-02-17 17:15:35.023,lbgxW9j1xJ/9lNgnzF7Okw==
844542,LIBWKMCKP1F78X,f,Windows_NT,login,2014-04-29 07:43:10.012,kTJJs5hpyAgl9D8fiZO4UA==
850836,LIBWKNONPBF2X,f,Windows_NT,logout,2014-04-28 19:26:10.543,u1KkrlbV6/L6hqFHrAMxbw==
797761,LIBWKNONPB17A,f,Windows_NT,logout,2014-02-10 18:45:15.947,uoyO7yzkp16yZEhbqrv2rg==
797898,LIBWKMCKP1F106H,f,Windows_NT,logout,2014-01-21 19:54:52.886,lbgxW9j1xJ/9lNgnzF7Okw==
798092,LIBWKNONPBF28A,f,Windows_NT,logout,2014-02-10 17:24:40.842,XTsPIHKu6/IlDbX/1lOF1A==
797755,LIBWKEPLP1F30D,f,Windows_NT,logout,2014-01-10 14:59:55.209,aQ3GNH753B4AyW/cNIy23A==
798177,LIBWKMCKP1F90H,t,Windows_NT,logout,2014-02-05 22:46:49.559,7QCPt1izFAYvOzzN58zN6w==
1038519,LIBWKMCKDEL-927,f,Windows_NT,logout,2014-04-04 17:11:36.338,lbgxW9j1xJ/9lNgnzF7Okw==
798498,LIBWKMCKP1F36H,f,Windows_NT,logout,2014-02-05 19:21:06.253,4RmxXZhrX34LBSNdSFVw9Q==
898010,LIBWKMCKRE-5527,f,Windows_NT,logout,2014-02-25 09:37:16.038,lbgxW9j1xJ/9lNgnzF7Okw==
799384,LIBWKMCKP1F19H,f,Windows_NT,logout,2014-02-04 17:04:30.397,FMr8vieP/rN8BaDC6IMnUQ==
1061602,LIBWKMCKP6F124X,f,Windows_NT,logout,2014-04-24 00:13:10.166,B9pTADOLXQyV5UZsJiS+jg==
798607,libwkartm1f7a,f,Mac OS X 10.8.5,logout,2014-04-28 21:58:45.309,tdgCVEAsYf1pQawKO0it5Q==
798875,LIBWKMCKP1F30H,f,Windows_NT,logout,2014-02-05 15:38:56.026,nJO0cUmNCrb+iMWWOx520w==
798237,LIBWKEPLP1F25H,f,Windows_NT,login,2014-01-23 19:46:48.867,lbgxW9j1xJ/9lNgnzF7Okw==
1061592,LIBWKMCKP6F123X,f,Windows_NT,login,2014-04-23 17:16:01.603,YFzf7Go6B9wjktTYRg8vgw==
798213,LIBWKEPLP1F17H,f,Windows_NT,logout,2014-01-23 19:41:25.228,lbgxW9j1xJ/9lNgnzF7Okw==
798289,LIBWKMCKP1F49H,f,Windows_NT,logout,2014-02-04 20:01:18.503,LHhbmZw6jLMtARQvqY11Qg==
1052838,LIBWKMCKP1F86X,f,Windows_NT,logout,2014-04-28 13:51:08.561,TZLixBr/dFqIZOVAXHVssA==
798179,LIBWKEPLP1F16H,f,Windows_NT,logout,2014-01-23 19:43:36.671,lbgxW9j1xJ/9lNgnzF7Okw==
851057,LIBWKNONPBF6X,f,Windows_NT,logout,2014-04-28 20:15:46.847,QxQRbwB7BONL1QhGGql/+Q==
799007,WS100025,f,Windows_NT,login,2014-04-18 14:03:50.168,NOJuYKrihlNY5GJdJi3khg==
1054928,LIBWKMCKP6F102X,f,Windows_NT,logout,2014-04-22 16:23:39.016,9H3pZ3SByRh+9lnSU0c68Q==
897634,LIBWKMCKPM1F3X,f,Windows_NT,logout,2014-02-25 11:42:05.247,lbgxW9j1xJ/9lNgnzF7Okw==
1070261,LIBWKMCKP6F132X,f,Windows_NT,logout,2014-04-11 13:59:04.966,lbgxW9j1xJ/9lNgnzF7Okw==
798167,libwkmckm6f730b,f,Mac OS X 10.8.5,logout,2014-01-09 17:35:20.994,fyojRFcP3WjCsSXNyTwdHQ==
798265,libwknonmbf12a,f,Mac OS X 10.8.5,login,2014-04-28 12:54:09.231,kEUmxWp8pk8ETtNGcivAuA==
1137826,LIBWKMCKDEL-873,f,Windows_NT,logout,2014-04-28 01:58:57.782,lbgxW9j1xJ/9lNgnzF7Okw==
799210,LIBWKMCKP2F9H,f,Windows_NT,logout,2014-02-06 22:31:05.831,bWpZAG+Ao6Ebn34itobXIw==
873998,libwknonmbf10a,f,Mac OS X 10.8.5,logout,2014-04-28 19:19:28.909,LtJDOjP2/nC2lQOcsoe4KA==
798899,libwkmtest,f,Mac OS X 10.9.1,login,2014-01-10 15:18:50.701,p7KmPJZhwgmvFbxp0XhAlw==
1061594,LIBWKMCKP6F103X,f,Windows_NT,logout,2014-04-28 08:50:31.225,FD1CFl36oOSHC3h9jQyxJQ==
799512,LIBWKMCKDEL-175,f,Windows_NT,logout,2014-01-13 16:08:02.379,lbgxW9j1xJ/9lNgnzF7Okw==
798620,LIBWKMCKP1F8H,f,Windows_NT,logout,2014-02-04 16:37:02.132,7ItXl3f6OdCjDVAqMefKpw==
899776,LIBWKMCKRE-5934,f,Windows_NT,logout,2014-02-25 12:27:09.905,lbgxW9j1xJ/9lNgnzF7Okw==
1117889,LIBWKMCKP6F725X,f,Windows_NT,logout,2014-04-24 18:09:16.036,cic+4n3d/dYHQeOmiBY/0g==
1070220,LIBWKMCKDEL-426,f,Windows_NT,logout,2014-04-11 13:46:52.201,lbgxW9j1xJ/9lNgnzF7Okw==
798253,LIBWKMCKP1F82H,f,Windows_NT,logout,2014-02-05 21:00:26.691,4xK0Q1DVrRRIS9xPWAvUrw==
899113,LIBWKMCKP1FMF3X,f,Windows_NT,logout,2014-04-10 11:54:06.865,e2jvQDLz2NODcqeJ7cbLlw==
798509,LIBWKCHMP1F20H,f,Windows_NT,logout,2014-02-06 17:15:44.235,bGpqxibBumnzFy98wouKtg==
897622,LIBWKMCKRE-4110,f,Windows_NT,logout,2014-02-25 08:45:42.755,lbgxW9j1xJ/9lNgnzF7Okw==
799115,libwkmckm6f731a,f,Mac OS X 10.8.5,logout,2014-01-15 17:25:53.148,fyojRFcP3WjCsSXNyTwdHQ==
798743,libwknonmbf34a,f,Mac OS X 10.8.5,logout,2014-04-28 19:24:23.511,4A0tDruggkGKqvRDgoWAXg==
799397,LIBWKMCKP2F35H,f,Windows_NT,logout,2014-02-06 17:57:32.567,m4laQ6QxqZK9xMoE/OdhkQ==
798235,LIBWKEPLP1F22H,f,Windows_NT,logout,2014-01-23 19:40:54.177,lbgxW9j1xJ/9lNgnzF7Okw==
1094116,LIBWKMCKM6F106B,f,Mac OS X 10.8.5,logout,2014-04-23 00:36:54.234,fYCMwR0fftK9J3EW80xI7Q==
899006,LIBWKMCKRE-9285,f,Windows_NT,logout,2014-02-25 11:58:54.172,lbgxW9j1xJ/9lNgnzF7Okw==
1070964,LIBWKMCKDEL-083,f,Windows_NT,logout,2014-04-11 16:16:43.815,lbgxW9j1xJ/9lNgnzF7Okw==
851024,LIBWKNONPBF14X,f,Windows_NT,logout,2014-04-28 19:22:07.512,jSraiDAMqDo6+CHxDWVd7Q==
798159,libwknonmbf33a,f,Mac OS X 10.8.5,logout,2014-04-28 20:50:47.804,4fTkwd0sqZgLOM/jX/7smw==
851002,LIBWKNONPBF12X,f,Windows_NT,logout,2014-04-28 18:10:16.422,H4U5phWTZs0TWzOQXmrx3w==
798521,LIBWKMCKP1F29H,f,Windows_NT,logout,2014-02-04 18:14:53.86,Q67B4bfOBcE4o/gOfHO3dA==
798932,libwkartm2f1a,f,Mac OS X 10.8.5,logout,2014-04-28 21:28:09.256,nwNTbpejwb9dDdxjpqgozw==
1137820,LIBWKMCKDEL-834,f,Windows_NT,logout,2014-04-28 01:56:36.22,lbgxW9j1xJ/9lNgnzF7Okw==
851188,LIBWKNONPBF16X,f,Windows_NT,logout,2014-04-28 18:17:42.861,wa4i54rFA42RHAnyUCMXyQ==
881319,libwkartm1f8a,f,Mac OS X 10.8.5,logout,2014-04-28 19:10:39.063,A6hjTaLPhBFnpRvcALKeQA==
1061598,LIBWKMCKP6F125X,f,Windows_NT,logout,2014-04-10 02:38:26.966,lbgxW9j1xJ/9lNgnzF7Okw==
898042,LIBWKMCKPM1F4X,f,Windows_NT,logout,2014-02-25 11:41:54.341,lbgxW9j1xJ/9lNgnzF7Okw==
844600,LIBWKMCKP2F51X,f,Windows_NT,logout,2014-04-28 13:37:00.797,fBvC0LAtXLcnqWBv7Czj+w==
799430,libwknonmbf6a,f,Mac OS X 10.8.5,logout,2014-04-28 19:23:55.32,d2ZDlEOQvPzjzz4iaAzoMQ==
799284,libwknonmbf18a,f,Mac OS X 10.8.5,logout,2014-04-28 17:05:00.932,yJjUiCTNxgt+bIpHxlkp5Q==
1070246,LIBWKMCKP6F135X,f,Windows_NT,logout,2014-04-24 12:26:23.354,QsedI1Sb6Z8XIG/Vc1M11Q==
798645,LIBWKMCKP1F102H,f,Windows_NT,logout,2014-01-21 19:20:08.232,lbgxW9j1xJ/9lNgnzF7Okw==
797375,LIBWKNONPBF13A,f,Windows_NT,logout,2014-02-10 19:30:39.725,tWyAOG+vQ4gtio9vXI3NjA==
799629,LIBWKPAL1F19G,f,Windows_NT,logout,2014-02-17 22:01:15.267,trPGq6Y82ZFR8thdMOOk9w==
799489,LIBWKEPLP1F13H,f,Windows_NT,logout,2014-01-23 19:47:01.739,lbgxW9j1xJ/9lNgnzF7Okw==
798665,LIBWKPAL1F5G,f,Windows_NT,logout,2014-02-17 17:41:51.956,OhHAbmTk0z7n681820zkDw==
898443,LIBWKMCKWINTEST,f,Windows_NT,logout,2014-04-28 12:42:10.598,lbgxW9j1xJ/9lNgnzF7Okw==
798517,libwknonmbf20a,f,Mac OS X 10.8.5,logout,2014-04-28 21:33:42.234,0Z3VJSK1Dk24p4v5ZpGKjA==
798233,LIBWKEPLP1F18H,f,Windows_NT,login,2014-01-23 19:45:06.167,lbgxW9j1xJ/9lNgnzF7Okw==
1070982,LIBWKMCKP6F114X,f,Windows_NT,logout,2014-04-11 16:31:24.559,lbgxW9j1xJ/9lNgnzF7Okw==
1117976,LIBWKMCKM6F105B,f,Mac OS X 10.8.5,logout,2014-04-25 02:26:40.455,30CGlAcNA8vvq9/p478hYQ==
800207,LIBWKEPLP1F8H,f,Windows_NT,logout,2014-01-23 19:39:55.535,lbgxW9j1xJ/9lNgnzF7Okw==
802398,LIBWKCHMP1F19H,f,Windows_NT,logout,2014-02-06 19:47:27.482,nkzB48nBb6iPoRFJIOSo6A==
1061806,LIBWKMCKDEL-160,f,Windows_NT,logout,2014-04-23 08:09:12.925,lbgxW9j1xJ/9lNgnzF7Okw==
803174,libwknonmbf32a,f,Mac OS X 10.8.5,logout,2014-04-28 21:57:25.452,tBfnVuDflvCXIdL01YXGPQ==
874175,libwkartm2f2a,f,Mac OS X 10.8.5,logout,2014-04-28 13:46:24.977,raLGIdM0qxnrlgSoa5ScVg==
1091513,LIBWKMCKDEL-041,f,Windows_NT,logout,2014-04-16 18:03:31.88,lbgxW9j1xJ/9lNgnzF7Okw==
803512,LIBWKMCKM6F119B,f,Mac OS X 10.8.5,logout,2014-04-22 21:09:22.488,ivN0QKK0kCsDBBGN0K9DpA==
800278,LIBWKMCKDEL-208,f,Windows_NT,logout,2014-01-13 16:26:30.269,lbgxW9j1xJ/9lNgnzF7Okw==
1066106,LIBWKMCKDEL-509,f,Windows_NT,logout,2014-04-10 16:39:34.457,lbgxW9j1xJ/9lNgnzF7Okw==
798245,LIBWKEPLM1F5A,f,Mac OS X 10.8.5,logout,2014-04-28 21:46:55.189,4FkAB0+3ADqGq4qQTisN2w==
1054938,LIBWKMCKP6F104X,f,Windows_NT,logout,2014-04-28 08:47:21.373,K7OQS9RGvGO+OYWTFAinzg==
800336,LIBWKEPLP3F1D,f,Windows_NT,logout,2014-01-23 09:41:00.651,lbgxW9j1xJ/9lNgnzF7Okw==
799762,LIBWKEPLP1F29H,f,Windows_NT,login,2014-01-23 19:53:17.134,lbgxW9j1xJ/9lNgnzF7Okw==
899293,LIBWKMCKPMF1F5X,f,Windows_NT,logout,2014-02-25 12:08:55.166,lbgxW9j1xJ/9lNgnzF7Okw==
800909,LIBWKMCKP2F24H,f,Windows_NT,logout,2014-02-06 17:21:56.746,2t3PTW7fR7tFBRgTVl3B+w==
800178,LIBWKEPLP1F6H,f,Windows_NT,login,2014-01-23 19:49:59.069,lbgxW9j1xJ/9lNgnzF7Okw==
800264,LIBWKPALM1F23A,f,Mac OS X 10.8.5,logout,2014-04-28 22:47:34.018,tNgQYyWq/7BRUxHBrTk3Vw==
802253,libwknonmbf8a,f,Mac OS X 10.8.5,logout,2014-04-28 19:38:16.716,h5FJ7xV9prbPEtyEv9eWlQ==
1066094,LIBWKMCKDEL-513,f,Windows_NT,logout,2014-04-10 16:38:12.262,lbgxW9j1xJ/9lNgnzF7Okw==
902134,LIBWKMCKP1FMF5,f,Windows_NT,logout,2014-02-26 15:58:20.112,lbgxW9j1xJ/9lNgnzF7Okw==
899436,WS100261,f,Windows_NT,logout,2014-02-25 12:26:10.112,lbgxW9j1xJ/9lNgnzF7Okw==
799863,LIBWKEPLP1F30H,f,Windows_NT,logout,2014-01-23 19:51:45.752,lbgxW9j1xJ/9lNgnzF7Okw==
799760,LIBWKEPLP1F26H,f,Windows_NT,login,2014-01-23 19:37:45.905,lbgxW9j1xJ/9lNgnzF7Okw==
1063136,LIBWKMCKM6F114B,f,Mac OS X 10.8.5,logout,2014-04-10 11:13:04.379,lbgxW9j1xJ/9lNgnzF7Okw==
1061887,LIBWKMCKDEL-235,f,Windows_NT,logout,2014-04-10 08:32:19.281,lbgxW9j1xJ/9lNgnzF7Okw==
1045927,LIBWKMCKDEL-720,f,Windows_NT,logout,2014-04-07 15:17:41.545,lbgxW9j1xJ/9lNgnzF7Okw==
800116,LIBWKEPLP1F2H,f,Windows_NT,logout,2014-01-23 19:44:28.478,lbgxW9j1xJ/9lNgnzF7Okw==
1045912,LIBWKMCKDEL-717,f,Windows_NT,logout,2014-04-07 15:15:42.716,lbgxW9j1xJ/9lNgnzF7Okw==
799811,LIBWKEPLP1F21H,f,Windows_NT,login,2014-01-23 19:50:44.549,lbgxW9j1xJ/9lNgnzF7Okw==
1072480,LIBWKMCKDEL-072,f,Windows_NT,logout,2014-04-12 23:48:06.113,lbgxW9j1xJ/9lNgnzF7Okw==
800624,LIBWKCHMP1F17H,f,Windows_NT,logout,2014-02-06 18:52:11.316,ZMbYq+pLre12rR0fJKYsnw==
800288,LIHWKMCKP6F731H,f,Windows_NT,logout,2014-01-14 14:30:52.847,lbgxW9j1xJ/9lNgnzF7Okw==
800234,LIBWKEPLP3F2D,f,Windows_NT,logout,2014-01-24 14:49:37.861,lbgxW9j1xJ/9lNgnzF7Okw==
1137829,LIBWKMCKDEL-893,f,Windows_NT,logout,2014-04-28 01:59:51.262,lbgxW9j1xJ/9lNgnzF7Okw==
1061900,LIBWKMCKP6F128X,f,Windows_NT,login,2014-04-28 20:29:35.341,QM3OkJuuN/miyvbIdw83hA==
799861,LIBWKEPLP1F31H,f,Windows_NT,logout,2014-01-23 19:38:29.937,lbgxW9j1xJ/9lNgnzF7Okw==
802395,LIBWKCHMP2F1H,f,Windows_NT,logout,2014-02-06 18:30:17.505,gRL6rcRdKUQ+lx+dO+o1Rw==
800200,LIBWKEPLP1F9H,f,Windows_NT,login,2014-01-23 19:41:41.485,lbgxW9j1xJ/9lNgnzF7Okw==
800903,libwknonmbf14a,f,Mac OS X 10.8.5,logout,2014-04-28 19:23:32.397,ITQo1B65GEP590aOBHdnLg==
844692,LIBWKMCKP1F33X,f,Windows_NT,logout,2014-04-28 15:37:05.922,mCiyYWsfQhX65yVsmi0lbg==
800712,LIBWKCHMP1F10H,f,Windows_NT,logout,2014-02-06 18:53:17.355,9dqP+OpAqAxSSWiDR7Ak3w==
800694,LIBWKCHMP1F5H,f,Windows_NT,logout,2014-02-04 19:52:36.959,Lbt2oFRL/BMGe5etu1NGAw==
800691,LIBWKCHMP1F6H,f,Windows_NT,logout,2014-02-06 19:47:19.391,76iZYHG023F90mSZWOryNw==
800761,LIBWKCHMP3F1H,f,Windows_NT,logout,2014-02-04 20:51:13.847,62CSY9aaO4uztADYcuhvgA==
1137833,LIBWKMCKP6F723X,f,Windows_NT,logout,2014-04-28 02:10:46.264,lbgxW9j1xJ/9lNgnzF7Okw==
799765,LIBWKEPLP1F27H,f,Windows_NT,login,2014-01-23 19:38:56.118,lbgxW9j1xJ/9lNgnzF7Okw==
800205,LIBWKEPLP1F14H,f,Windows_NT,login,2014-01-23 19:52:42.265,lbgxW9j1xJ/9lNgnzF7Okw==
803996,LIBWKPAL1F13G,f,Windows_NT,logout,2014-02-17 21:16:15.764,D37hz/q/L3NvLKkeg1WoAg==
803636,LIBWKMCKP1F28H,f,Windows_NT,logout,2014-02-04 19:10:29.123,mRJFfHcE9tE303SMSMDMvg==
800709,LIBWKCHMP1F9H,f,Windows_NT,logout,2014-02-06 18:23:55.753,IbnTmxnVk1ku5jL3yRxrxw==
803639,libwkTest,f,Mac OS X 10.9.1,login,2014-01-17 10:11:02.3,lbgxW9j1xJ/9lNgnzF7Okw==
800699,LIBWKMD191053,f,Windows_NT,logout,2014-02-17 14:43:10.578,8G5kr8OmR58yp9ZIwxBwdA==
800282,libwkmtesting,f,Mac OS X 10.8.5,logout,2014-01-15 08:25:47.958,lbgxW9j1xJ/9lNgnzF7Okw==
799916,LIBWKMCKP2F5H,f,Windows_NT,logout,2014-02-06 13:24:46.795,4pNCxK0ruFhAZj9yx7fpBw==
802854,LIBWKARTM214405,f,Windows_NT,logout,2014-02-03 13:11:52.25,lbgxW9j1xJ/9lNgnzF7Okw==
800210,LIBWKEPLP1F5H,f,Windows_NT,logout,2014-01-23 19:40:41.544,lbgxW9j1xJ/9lNgnzF7Okw==
853288,LIBPAL1F27G,f,Windows_NT,logout,2014-02-17 17:16:14.373,lbgxW9j1xJ/9lNgnzF7Okw==
800180,LIBWKEPLP1F11H,f,Windows_NT,logout,2014-01-23 12:43:25.139,aFpbd3wNivKtvRWCwC0yPw==
1066159,LIBWKMCKP6F113X,f,Windows_NT,logout,2014-04-28 08:51:24.674,sI3hFygsOr7yy7JPFIyQqQ==
799744,LIBWKEPLP1F24H,f,Windows_NT,logout,2014-01-23 19:47:42.561,lbgxW9j1xJ/9lNgnzF7Okw==
804798,LIBWKMCKP1F48Z,f,Windows_NT,logout,2014-01-21 20:28:47.434,lbgxW9j1xJ/9lNgnzF7Okw==
804785,LIBWKMCKP1F46Z,f,Windows_NT,logout,2014-01-22 13:04:45.872,lbgxW9j1xJ/9lNgnzF7Okw==
804779,LIBWKMCKP1F2Z,f,Windows_NT,logout,2014-01-24 09:57:16.276,lbgxW9j1xJ/9lNgnzF7Okw==
804795,LIBWKMCKP1F26Z,f,Windows_NT,logout,2014-01-21 20:27:12.581,lbgxW9j1xJ/9lNgnzF7Okw==
804800,LIBWKMCKP1F41Z,f,Windows_NT,logout,2014-01-21 20:28:40.101,lbgxW9j1xJ/9lNgnzF7Okw==
804804,LIBWKMCKP1F45Z,f,Windows_NT,logout,2014-01-22 07:05:30.371,lbgxW9j1xJ/9lNgnzF7Okw==
796830,LIBWKMCKP1F71H,f,Windows_NT,logout,2014-02-05 22:55:18.957,gLpwQJVLSwnVY1zNRnuXhw==
1114913,LIBWKMCKM6F313B,f,Mac OS X 10.8.5,login,2014-04-28 20:36:57.309,1lOE9q1LHGBdTyYDd+SIgQ==
1118877,LIBWKMCKDEL-272,f,Windows_NT,logout,2014-04-23 10:48:41.119,lbgxW9j1xJ/9lNgnzF7Okw==
887674,LIBWKMCKRE-6402,f,Windows_NT,logout,2014-02-21 12:52:32.814,lbgxW9j1xJ/9lNgnzF7Okw==
1139561,LIBWKMCKDEL-839,f,Windows_NT,logout,2014-04-28 11:47:11.762,lbgxW9j1xJ/9lNgnzF7Okw==
1066151,LIBWKMCKP6F118X,f,Windows_NT,logout,2014-04-23 16:47:40.244,ImVRQdyaLptKaNfMti5syg==
1047519,LIBWKMCKP6F322X,f,Windows_NT,logout,2014-04-24 09:23:04.531,oDG7ne7OX+mWsr6XsKDwWA==
796150,LIBWKMCKP1F44H,f,Windows_NT,logout,2014-02-04 14:39:17.726,lbgxW9j1xJ/9lNgnzF7Okw==
1118831,LIBWKMCKDEL-186,f,Windows_NT,logout,2014-04-23 10:44:55.657,lbgxW9j1xJ/9lNgnzF7Okw==
844757,LIBWKMCKP1F76X,f,Windows_NT,logout,2014-04-29 00:41:41.452,op3FN0afm9pVX9/0UmdeYQ==
796227,LIBWKMCKP1F21H,f,Windows_NT,logout,2014-02-04 20:55:13.59,EgkskxlavRLquq2smZTFWA==
852356,LIBWKNON*,f,*,*,2014-02-11 00:00:00,*
1118875,LIBWKMCKP6F715X,f,Windows_NT,logout,2014-04-25 13:00:49.855,lbgxW9j1xJ/9lNgnzF7Okw==
804816,LIBWKMCKP1F25Z,f,Windows_NT,logout,2014-01-21 20:30:50.563,lbgxW9j1xJ/9lNgnzF7Okw==
796174,LIBWKMCKP1F43H,f,Windows_NT,logout,2014-02-05 20:10:33.407,FTumOGdCV4f3BJm7aGTiIg==
796362,LIBWKMCKP2F6H,f,Windows_NT,logout,2014-02-05 15:24:07.196,s0OFejxulXeAcOc4azNiGQ==
804829,LIBWKMCKP1F33Z,f,Windows_NT,logout,2014-01-21 20:33:03.93,lbgxW9j1xJ/9lNgnzF7Okw==
804827,LIBWKMCKP1F37Z,f,Windows_NT,logout,2014-01-21 20:33:06.674,lbgxW9j1xJ/9lNgnzF7Okw==
1046028,LIBWKMCKP6F323X,f,Windows_NT,logout,2014-04-24 19:59:28.67,9AT8GxHrCTKAL0YV635WGQ==
804822,LIBWKMCKP1F35Z,f,Windows_NT,logout,2014-01-21 20:33:34.898,lbgxW9j1xJ/9lNgnzF7Okw==
801140,LIBWKPAL1F21G,f,Windows_NT,logout,2014-02-17 18:15:50.088,S2zOOgGK20xHs5j3uNwjng==
804842,LIBWKMCKP1F43Z,f,Windows_NT,logout,2014-01-21 20:34:48.886,lbgxW9j1xJ/9lNgnzF7Okw==
1045937,LIBWKMCKDEL-749,f,Windows_NT,logout,2014-04-07 15:18:24.977,lbgxW9j1xJ/9lNgnzF7Okw==
804840,LIBWKMCKP1F40Z,f,Windows_NT,logout,2014-01-21 20:37:04.048,lbgxW9j1xJ/9lNgnzF7Okw==
804844,LIBWKMCKP1F28Z,f,Windows_NT,logout,2014-01-21 20:37:38.607,lbgxW9j1xJ/9lNgnzF7Okw==
796457,LIBWKMCKP2F61H,f,Windows_NT,login,2014-02-07 14:33:07.553,lbgxW9j1xJ/9lNgnzF7Okw==
796669,LIBWKMCKP2F57H,t,Windows_NT,logout,2014-02-07 14:52:53.636,r8Bro1/n8XasVu5hEysajQ==
804913,LIBWKMCKP1F73Z,f,Windows_NT,logout,2014-01-21 20:44:32.135,lbgxW9j1xJ/9lNgnzF7Okw==
804908,LIBWKMCKP1F80Z,f,Windows_NT,logout,2014-01-21 20:44:48.116,lbgxW9j1xJ/9lNgnzF7Okw==
887682,LIBWKMCKPMF1F2X,f,Windows_NT,logout,2014-02-26 15:50:07.691,lbgxW9j1xJ/9lNgnzF7Okw==
804916,LIBWKMCKP1F67Z,f,Windows_NT,logout,2014-01-21 20:47:48.353,lbgxW9j1xJ/9lNgnzF7Okw==
1047533,LIBWKMCKP6F317X,f,Windows_NT,logout,2014-04-23 16:13:15.885,d9CqtGTboi2ayIecEMB2Lw==
796342,LIBWKMCKP2F8H,f,Windows_NT,logout,2014-02-05 15:38:54.384,vbSINVa4JPUrUYOZZwuc5A==
796551,LIBWKMCKP1F47H,f,Windows_NT,logout,2014-02-05 21:23:23.288,vdCbkHRZQ0clwxChRsFAFg==
850468,LIBWKNONPBF1X,f,Windows_NT,logout,2014-04-28 18:47:26.361,MgJOvq++o0b2k9mS0XW9AA==
1066145,LIBWKMCKP6F127X,f,Windows_NT,logout,2014-04-26 15:20:41.424,yLWcKzggyLynf6j4hRD1dw==
856756,LIBWKEPLP1F1X,f,Windows_NT,logout,2014-04-28 18:47:11.739,iLtoYzyG9z19pP6K1ztbIA==
804097,LIBWKMCKP1F51H,t,Windows_NT,logout,2014-02-04 17:05:22.935,P02q2NePHoqo7iqH/hROnw==
1045951,LIBWKMCKDEL-774,f,Windows_NT,logout,2014-04-07 15:19:44.529,lbgxW9j1xJ/9lNgnzF7Okw==
887214,LIBWKRENAMEME,f,Windows_NT,logout,2014-02-25 08:39:11.513,lbgxW9j1xJ/9lNgnzF7Okw==
797513,LIBWKCHMP1F12H,f,Windows_NT,logout,2014-02-06 18:52:36.11,snoi9dOWkHe1U0zK6S5B2w==
1066114,LIBWKMCKDEL-528,f,Windows_NT,logout,2014-04-10 16:40:12.789,lbgxW9j1xJ/9lNgnzF7Okw==
796746,LIBWKMCKP1F39H,f,Windows_NT,logout,2014-02-04 19:44:49.548,+2cli5sBlKHFiuXKh/JKaw==
1046757,LIBWKMCKM6F323B,f,Mac OS X 10.8.5,logout,2014-04-07 17:03:13.309,lbgxW9j1xJ/9lNgnzF7Okw==
1073513,LIBWKMCKDEL-550,f,Windows_NT,logout,2014-04-13 17:59:49.886,lbgxW9j1xJ/9lNgnzF7Okw==
854566,LIBWKMCKP1F84X,t,Windows_NT,logout,2014-04-28 19:31:38.913,r8Bro1/n8XasVu5hEysajQ==
796580,LIBWKMCKP1F9H,f,Windows_NT,logout,2014-02-04 22:48:47.974,4Y94UvcEO9XG8C4hL75Pxw==
1092139,LIBWKMCKDEL-915,f,Windows_NT,logout,2014-04-16 20:44:20.426,lbgxW9j1xJ/9lNgnzF7Okw==
1045977,LIBWKMCKDEL-820,f,Windows_NT,logout,2014-04-07 15:22:11.492,lbgxW9j1xJ/9lNgnzF7Okw==
1045984,LIBWKMCKP6F319X,f,Windows_NT,logout,2014-04-17 02:43:35.003,lbgxW9j1xJ/9lNgnzF7Okw==
874212,LIBWKEPLM1F7A,f,Mac OS X 10.8.5,logout,2014-04-28 16:55:42.154,roCp8t+DSgZfB0tqtKVuOw==
1046011,LIBWKMCKP6F315X,f,Windows_NT,logout,2014-04-24 13:35:20.535,yJLwcKNiiLyfX4yk1kYByA==
899415,LIBWKMCKRE-2557,f,Windows_NT,logout,2014-02-25 12:09:53.99,lbgxW9j1xJ/9lNgnzF7Okw==
1045944,LIBWKMCKP6F314X,f,Windows_NT,logout,2014-04-16 21:00:02.071,lbgxW9j1xJ/9lNgnzF7Okw==
1066132,LIBWKMCKP6F117X,f,Windows_NT,logout,2014-04-15 20:48:30.894,N4jBujRGisMc1iiRZlrgvQ==
1141775,LIBWKMCKDEL-414,f,Windows_NT,logout,2014-04-28 14:41:16.548,lbgxW9j1xJ/9lNgnzF7Okw==
1073531,LIBWKMCKDEL-572,f,Windows_NT,logout,2014-04-13 18:02:48.141,lbgxW9j1xJ/9lNgnzF7Okw==
853327,LIBWKPAL1F14G,f,Windows_NT,logout,2014-02-17 21:12:16.418,dlhUnC8OUl2HWBbOH1/NaA==
1047502,LIBWKMCKDEL-319,f,Windows_NT,logout,2014-04-07 19:39:08.111,lbgxW9j1xJ/9lNgnzF7Okw==
1073533,LIBWKMCKDEL-611,f,Windows_NT,logout,2014-04-13 18:03:06.61,lbgxW9j1xJ/9lNgnzF7Okw==
1047511,LIBWKMCKDEL-363,f,Windows_NT,logout,2014-04-07 19:41:11.248,lbgxW9j1xJ/9lNgnzF7Okw==
1047515,LIBWKMCKDEL-370,f,Windows_NT,logout,2014-04-07 19:42:42.787,lbgxW9j1xJ/9lNgnzF7Okw==
1047523,LIBWKMCKDEL-394,f,Windows_NT,logout,2014-04-07 19:43:38.315,lbgxW9j1xJ/9lNgnzF7Okw==
1141790,LIBWKMCKDEL-481,f,Windows_NT,logout,2014-04-28 14:42:45.647,lbgxW9j1xJ/9lNgnzF7Okw==
874188,LIBWKEPLM1F4A,f,Mac OS X 10.8.5,logout,2014-04-28 18:46:37.111,uNA/VSfLRcFDGJJtxtOsng==
805086,LIBWKMCKP1F8Z,f,Windows_NT,logout,2014-01-21 21:07:33.744,lbgxW9j1xJ/9lNgnzF7Okw==
804884,LIBWKMCKP1F83Z,f,Windows_NT,logout,2014-01-22 16:50:30.995,lbgxW9j1xJ/9lNgnzF7Okw==
805062,LIBWKMCKP1F55Z,f,Windows_NT,logout,2014-01-21 21:03:41.576,lbgxW9j1xJ/9lNgnzF7Okw==
804977,LIBWKMCKP1F11Z,f,Windows_NT,logout,2014-01-21 20:55:22.302,lbgxW9j1xJ/9lNgnzF7Okw==
805147,LIBWKMCKP1F54Z,f,Windows_NT,login,2014-01-21 21:18:02.566,lbgxW9j1xJ/9lNgnzF7Okw==
804857,LIBWKMCKP1F27Z,f,Windows_NT,logout,2014-01-21 20:37:12.297,lbgxW9j1xJ/9lNgnzF7Okw==
804990,LIBWKMCKP1F74Z,f,Windows_NT,logout,2014-01-21 20:54:41.14,lbgxW9j1xJ/9lNgnzF7Okw==
796837,LIBWKMCKP1F85H,t,Windows_NT,logout,2014-02-04 22:22:51.192,XfZYSHlckGrZK7ysszeMZw==
804876,LIBWKMCKP1F30Z,f,Windows_NT,logout,2014-01-21 20:39:56.083,lbgxW9j1xJ/9lNgnzF7Okw==
804879,LIBWKMCKP1F32Z,f,Windows_NT,logout,2014-01-21 20:42:21.305,lbgxW9j1xJ/9lNgnzF7Okw==
805130,LIBWKMCKP1F82Z,f,Windows_NT,logout,2014-01-21 21:12:54.375,lbgxW9j1xJ/9lNgnzF7Okw==
805035,LIBWKMCKP1F59Z,f,Windows_NT,logout,2014-01-21 21:02:03.036,lbgxW9j1xJ/9lNgnzF7Okw==
804899,LIBWKMCKP1F79Z,f,Windows_NT,logout,2014-01-21 20:44:07.204,lbgxW9j1xJ/9lNgnzF7Okw==
804981,LIBWKMCKP1F57Z,f,Windows_NT,logout,2014-01-21 20:53:52.561,lbgxW9j1xJ/9lNgnzF7Okw==
805032,LIBWKMCKP1F60Z,f,Windows_NT,logout,2014-01-21 20:59:01.248,lbgxW9j1xJ/9lNgnzF7Okw==
805164,LIBWKMCKP1F10Z,f,Windows_NT,logout,2014-01-21 21:19:20.931,lbgxW9j1xJ/9lNgnzF7Okw==
804994,LIBWKMCKP1F71Z,f,Windows_NT,logout,2014-01-21 20:58:19.681,lbgxW9j1xJ/9lNgnzF7Okw==
796884,LIBWKMCKP1F97H,f,Windows_NT,logout,2014-01-21 19:18:12.188,lbgxW9j1xJ/9lNgnzF7Okw==
805105,LIBWKMCKP1F14Z,f,Windows_NT,login,2014-01-21 21:09:45.719,lbgxW9j1xJ/9lNgnzF7Okw==
804996,LIBWKMCKP1F89Z,f,Windows_NT,logout,2014-01-21 20:56:29.828,lbgxW9j1xJ/9lNgnzF7Okw==
804930,LIBWKMCKP1F72Z,f,Windows_NT,logout,2014-01-21 20:47:50.213,lbgxW9j1xJ/9lNgnzF7Okw==
804937,LIBWKMCKP1F58Z,f,Windows_NT,logout,2014-01-21 20:48:51.904,lbgxW9j1xJ/9lNgnzF7Okw==
804941,LIBWKMCKP1F75Z,f,Windows_NT,logout,2014-01-21 20:49:18.18,lbgxW9j1xJ/9lNgnzF7Okw==
804947,LIBWKMCKP1F56Z,f,Windows_NT,logout,2014-01-21 20:50:07.71,lbgxW9j1xJ/9lNgnzF7Okw==
805060,LIBWKMCKP1F47Z,f,Windows_NT,logout,2014-01-21 21:04:40.261,lbgxW9j1xJ/9lNgnzF7Okw==
804952,LIBWKMCKP1F66Z,f,Windows_NT,logout,2014-01-21 20:51:44.388,lbgxW9j1xJ/9lNgnzF7Okw==
804960,LIBWKMCKP1F52Z,f,Windows_NT,logout,2014-01-21 20:53:43.581,lbgxW9j1xJ/9lNgnzF7Okw==
805077,LIBWKMCKP1F70Z,f,Windows_NT,logout,2014-01-21 21:05:13.944,lbgxW9j1xJ/9lNgnzF7Okw==
805123,LIBWKMCKP1F15Z,f,Windows_NT,logout,2014-01-21 21:13:12.847,lbgxW9j1xJ/9lNgnzF7Okw==
796339,LIBWKMCKP1F103H,f,Windows_NT,logout,2014-01-21 19:25:08.006,lbgxW9j1xJ/9lNgnzF7Okw==
805145,LIBWKMCKP1F108H,f,Windows_NT,logout,2014-01-21 19:39:47.134,lbgxW9j1xJ/9lNgnzF7Okw==
805016,LIBWKMCKP1F65Z,f,Windows_NT,logout,2014-01-21 21:00:27.265,lbgxW9j1xJ/9lNgnzF7Okw==
805212,LIBWKMCKP1F5Z,f,Windows_NT,logout,2014-01-22 06:46:23.111,lbgxW9j1xJ/9lNgnzF7Okw==
805020,LIBWKMCKP1F3Z,f,Windows_NT,logout,2014-01-21 20:59:26.702,lbgxW9j1xJ/9lNgnzF7Okw==
805014,LIBWKMCKP1F64Z,f,Windows_NT,logout,2014-01-21 20:58:01.996,lbgxW9j1xJ/9lNgnzF7Okw==
805153,LIBWKMCKP1F105H,f,Windows_NT,logout,2014-01-21 19:40:56.248,lbgxW9j1xJ/9lNgnzF7Okw==
805023,LIBWKMCKP1F62Z,f,Windows_NT,logout,2014-01-21 21:00:39.984,lbgxW9j1xJ/9lNgnzF7Okw==
851613,LIBWKEPLP1F27X,f,Windows_NT,logout,2014-04-28 17:06:46.292,1JehN9NZvl9CHYQU8wuB4Q==
805053,LIBWKMCKP1F9Z,f,Windows_NT,logout,2014-01-21 21:03:39.117,lbgxW9j1xJ/9lNgnzF7Okw==
805127,LIBWKMCKP1F17Z,f,Windows_NT,logout,2014-01-22 06:49:25.267,lbgxW9j1xJ/9lNgnzF7Okw==
805199,LIBWKMCKP1F13Z,f,Windows_NT,logout,2014-01-21 21:24:01.338,lbgxW9j1xJ/9lNgnzF7Okw==
805075,LIBWKMCKP1F16Z,f,Windows_NT,logout,2014-01-21 21:06:02.248,lbgxW9j1xJ/9lNgnzF7Okw==
805082,LIBWKMCKP1F63Z,f,Windows_NT,logout,2014-01-21 21:06:50.213,lbgxW9j1xJ/9lNgnzF7Okw==
805171,LIBWKMCKP1F84Z,f,Windows_NT,logout,2014-01-21 21:18:42.383,lbgxW9j1xJ/9lNgnzF7Okw==
805112,LIBWKMCKP1F20Z,f,Windows_NT,logout,2014-01-21 21:09:16.563,lbgxW9j1xJ/9lNgnzF7Okw==
805101,LIBWKMCKP1F18Z,f,Windows_NT,logout,2014-01-21 21:08:40.758,lbgxW9j1xJ/9lNgnzF7Okw==
805166,LIBWKMCKP1F104H,f,Windows_NT,logout,2014-01-21 19:42:13.871,lbgxW9j1xJ/9lNgnzF7Okw==
805138,LIBWKMCKP1F7Z,f,Windows_NT,logout,2014-01-21 21:15:51.142,lbgxW9j1xJ/9lNgnzF7Okw==
805188,LIBWKMCKP1F49Z,f,Windows_NT,logout,2014-01-21 21:22:18.138,lbgxW9j1xJ/9lNgnzF7Okw==
805133,LIBWKMCKP1F39Z,f,Windows_NT,logout,2014-01-22 06:47:57.725,lbgxW9j1xJ/9lNgnzF7Okw==
805281,LIBWKMCKP1F19Z,f,Windows_NT,logout,2014-01-21 21:36:49.704,lbgxW9j1xJ/9lNgnzF7Okw==
805208,LIBWKMCKP1F36Z,f,Windows_NT,logout,2014-01-21 21:23:25.9,lbgxW9j1xJ/9lNgnzF7Okw==
805246,LIBWKMCKP1F31Z,f,Windows_NT,logout,2014-01-22 06:58:13.857,lbgxW9j1xJ/9lNgnzF7Okw==
805162,LIBWKMCKP1F86Z,f,Windows_NT,logout,2014-01-21 21:17:59.642,lbgxW9j1xJ/9lNgnzF7Okw==
805190,LIBWKMCKP1F23Z,f,Windows_NT,logout,2014-01-21 21:21:41.57,lbgxW9j1xJ/9lNgnzF7Okw==
805234,LIBWKMCKP1F21Z,f,Windows_NT,logout,2014-01-21 21:30:20.917,lbgxW9j1xJ/9lNgnzF7Okw==
805220,LIBWKMCKP1F6Z,f,Windows_NT,logout,2014-01-21 21:27:48.035,lbgxW9j1xJ/9lNgnzF7Okw==
805262,LIBWKMCKP1F34Z,f,Windows_NT,logout,2014-01-21 21:34:01.497,lbgxW9j1xJ/9lNgnzF7Okw==
805206,LIBWKMCKP1F42Z,f,Windows_NT,logout,2014-01-21 21:24:38.185,lbgxW9j1xJ/9lNgnzF7Okw==
804868,LIBWKMCKP1F77Z,f,Windows_NT,login,2014-01-21 20:40:22.503,lbgxW9j1xJ/9lNgnzF7Okw==
805277,LIBWKMCKP1F85Z,f,Windows_NT,logout,2014-01-21 21:34:16.558,lbgxW9j1xJ/9lNgnzF7Okw==
805232,LIBWKMCKP1F1Z,f,Windows_NT,logout,2014-01-21 21:29:57.344,lbgxW9j1xJ/9lNgnzF7Okw==
805251,LIBWKMCKP1F29Z,f,Windows_NT,logout,2014-01-21 21:31:17.547,lbgxW9j1xJ/9lNgnzF7Okw==
805258,LIBWKMCKP1F87Z,f,Windows_NT,logout,2014-01-21 21:32:39.22,lbgxW9j1xJ/9lNgnzF7Okw==
805066,LIBWKMCKM6F102B,f,Mac OS X 10.8.5,logout,2014-04-21 14:54:18.331,YJbuMOYL2tRJLXLF4aYMzA==
805040,LIBWKMCKP1F90Z,f,Windows_NT,logout,2014-01-21 21:02:16.466,lbgxW9j1xJ/9lNgnzF7Okw==
805285,LIBWKMCKP1F51Z,f,Windows_NT,logout,2014-01-21 21:35:17.059,lbgxW9j1xJ/9lNgnzF7Okw==
805417,LIBWKMCKP1F80H,f,Windows_NT,logout,2014-02-05 19:32:54.833,Y29tR908Su2ooSEJAiJqkw==
807492,LIBWKEPLP1F26Z,f,Windows_NT,logout,2014-02-04 19:22:14.987,iTj1YseYLXKaCxmRlsfP4g==
798603,LIBWKMCKP1F50H,f,Windows_NT,logout,2014-02-10 17:59:47.471,lbgxW9j1xJ/9lNgnzF7Okw==
805949,LIBWKMCKP1F101H,f,Windows_NT,logout,2014-01-22 12:56:00.477,lbgxW9j1xJ/9lNgnzF7Okw==
805461,LIBWKMCKP1F56H,f,Windows_NT,logout,2014-02-05 22:20:39.9,8uvzZR90aM44g1Y6grMb9Q==
805646,LIBWKMCKP1F54H,f,Windows_NT,logout,2014-02-03 21:14:34.567,HrFfJ3FLcBMKuQhHij9KtQ==
807509,LIBWKEPLP1F16Z,f,Windows_NT,logout,2014-02-04 19:16:43.889,y0IEUzVEBWxv8E5Ks60Axg==
809229,libwkartm2f4a,f,Mac OS X 10.8.5,logout,2014-04-28 22:01:12.537,p3YV18vt9JgG4zhyxti2Vg==
874246,libwkartm1f1a,f,Mac OS X 10.8.5,logout,2014-04-28 21:07:31.019,WQ3ZsSsQsw+IMnztaZIvnQ==
807603,LIBWKEPLP1F7Z,f,Windows_NT,logout,2014-02-04 21:16:17.795,LOgXhqvO1g/MtJLclwaCpg==
874239,libwkarcm1f5a,f,Mac OS X 10.8.5,logout,2014-04-28 13:54:08.763,EyBOeMKl8ZdOMFfAEwIo1A==
807454,LIBWKEPLP1F24Z,f,Windows_NT,logout,2014-02-04 17:42:19.857,e4sSIU+MlqRrqVuuylBXzg==
809024,libwknonmbf22a,f,Mac OS X 10.8.5,logout,2014-04-28 17:42:37.748,JMNLs1eHoArjuKxN3zilLg==
807457,LIBWKEPLP1F29Z,f,Windows_NT,logout,2014-02-04 20:27:34.297,hqQL83EH6d/6twaZ58jnBg==
807537,LIBWKEPLP1F23Z,f,Windows_NT,logout,2014-02-04 17:40:48.282,3Xj3igCO/hV4FOBDd3tofg==
805534,LIBWKMCKP1F62H,f,Windows_NT,logout,2014-02-05 19:12:52.323,EEDHfWMNKkjLuAzuL0MjWQ==
800258,libwknonmbf16a,f,Mac OS X 10.8.5,logout,2014-04-28 21:02:43.722,x+A4kg8KRfsUNN9fWlokJA==
807632,LIBWKEPLP1F10Z,f,Windows_NT,logout,2014-02-04 18:24:20.386,ckspvPVzHMWqj4mS+QwRdA==
805459,LIBWKMCKP1F81H,t,Windows_NT,logout,2014-02-05 22:37:30.725,im64W4YItrFkMUJeL7QEng==
807533,LIBWKEPLP1F21Z,f,Windows_NT,logout,2014-02-04 19:23:43.643,lbgxW9j1xJ/9lNgnzF7Okw==
808503,LIBWKREMOVE,f,Windows_NT,logout,2014-01-25 16:00:51.108,lbgxW9j1xJ/9lNgnzF7Okw==
805641,LIBWKMCKP1F86H,f,Windows_NT,logout,2014-01-21 21:24:52.142,lbgxW9j1xJ/9lNgnzF7Okw==
805558,LIBWKMCKP1F55H,f,Windows_NT,logout,2014-02-04 14:55:19.403,J+W0xrZKzQdF9Gm6FNO+cg==
807557,LIBWKEPLP1F19Z,f,Windows_NT,logout,2014-02-04 18:58:05.481,/rjZwY667mDmZerQHeDqMg==
807551,LIBWKEPLP1F5Z,f,Windows_NT,logout,2014-02-04 21:14:14.352,tWO4N55LYnqaCJkfsuiNTA==
810879,LIBWKARCP1F2A,f,Windows_NT,login,2014-04-28 17:38:32.79,iX3eMv3Ld8duQt3+ocL5GQ==
808214,LIBWKEPLPBF2Z,f,Windows_NT,logout,2014-01-31 18:30:56.119,ds9lC+k3RoqZNSY5XCZuuA==
807463,LIBWKEPLP1F25Z,f,Windows_NT,logout,2014-02-04 13:50:18.768,S+1xx6tW5Rhbm8sy8qiuRw==
805731,LIBWKMCKP1F87H,f,Windows_NT,login,2014-02-04 14:00:34.211,oW4hipUEQBG2XtUr2h1zAw==
810016,LIBWKARCP1F4A,f,Windows_NT,login,2014-04-25 14:24:55.629,04rNQq8loSWEfmxOaowAeQ==
807497,LIBWKEPLP1F14Z,f,Windows_NT,logout,2014-02-04 17:15:45.821,/+bGwtgBMx7kfwU9m6emQg==
805710,LIBWKMCKP1F53H,f,Windows_NT,logout,2014-02-05 21:26:41.24,e2jvQDLz2NODcqeJ7cbLlw==
809107,LIBWKARTP1F4A,f,Windows_NT,logout,2014-04-28 21:17:20.482,tNMRALIN7v1lqwWxb39eTg==
1141792,LIBWKMCKDEL-452,f,Windows_NT,logout,2014-04-28 14:43:00.468,lbgxW9j1xJ/9lNgnzF7Okw==
807628,LIBWKEPLP1F8Z,f,Windows_NT,logout,2014-02-04 15:34:36.239,+wqVyVayBdEegSm3hkOqkw==
800255,LIBWKCHMM1F13A,f,Mac OS X 10.8.5,logout,2014-04-28 20:08:37.785,cHrx56MBtsJ/NkWVcHrVcA==
807574,LIBWKEPLP1F27Z,f,Windows_NT,logout,2014-02-04 15:47:35.947,k455+mkQkTxvIp1bOkZnOQ==
806854,LIBWKEPLPBF1H,f,Windows_NT,logout,2014-01-24 10:16:18.214,lbgxW9j1xJ/9lNgnzF7Okw==
855964,LIBWKEPLP1F26X,f,Windows_NT,logout,2014-04-28 21:28:28.795,2gnmCmcN4RpNu4leAOXEKw==
808527,LIBWKRENAME,f,Windows_NT,logout,2014-01-25 15:53:28.988,lbgxW9j1xJ/9lNgnzF7Okw==
805513,LIBWKMCKP1F64H,f,Windows_NT,logout,2014-02-05 21:32:57.141,RtIyszL3eNghmBjpG0a2QQ==
807345,libwknonmbf26a,f,Mac OS X 10.8.5,logout,2014-04-28 19:15:09.077,H4U5phWTZs0TWzOQXmrx3w==
808460,LIBWKCYMP1F18Y,f,Windows_NT,logout,2014-02-07 17:04:17.293,A/utOPYpryAc/1WuawL5IA==
807474,LIBWKEPLP1F20Z,f,Windows_NT,logout,2014-02-04 15:37:07.467,+wqVyVayBdEegSm3hkOqkw==
807570,LIBWKEPLP1F13Z,f,Windows_NT,logout,2014-02-04 19:13:14.798,HfI1xv1J3okS3+oOeC3TxQ==
807851,LIBWKPAL2F5G,f,Windows_NT,logout,2014-02-17 17:09:05.217,lbgxW9j1xJ/9lNgnzF7Okw==
807679,LIBWKEPLP1F3Z,t,Windows_NT,logout,2014-02-04 22:23:17.159,bzw/7Ute2uWP6W1oLGbhWQ==
807504,LIBWKEPLP1F1Z,f,Windows_NT,logout,2014-02-04 17:25:33.378,JFdmTLS+FeRsXQQbDFMA6g==
1073538,LIBWKMCKDEL-602,f,Windows_NT,logout,2014-04-13 18:03:54.473,lbgxW9j1xJ/9lNgnzF7Okw==
796152,LIBWKREMOVEB,f,Windows_NT,logout,2014-01-31 12:53:03.623,lbgxW9j1xJ/9lNgnzF7Okw==
807535,LIBWKEPLP1F22Z,f,Windows_NT,logout,2014-02-04 20:38:59.323,t7QVxgtfFxOTqV5bADJDBw==
805487,LIBWKMCKP1F52H,f,Windows_NT,logout,2014-02-05 22:49:03.508,7WQxoEO7TCVp6px58RZYpg==
809485,LIBWKARTP2F4A,f,Windows_NT,logout,2014-04-28 16:52:06.838,p3YV18vt9JgG4zhyxti2Vg==
805437,LIBWKMCKP1F67H,f,Windows_NT,logout,2014-02-05 22:15:47.214,lHUQl27LVr6tSpgiKAXK6w==
805530,LIBWKMCKP1F65H,f,Windows_NT,logout,2014-02-05 19:30:29.377,EI8JfR6DaBrh5uZE5gvkNg==
1118887,LIBWKMCKDEL-764,f,Windows_NT,logout,2014-04-23 10:49:07.106,lbgxW9j1xJ/9lNgnzF7Okw==
807468,LIBWKEPLP1F6Z,f,Windows_NT,logout,2014-02-04 21:17:09.801,LOgXhqvO1g/MtJLclwaCpg==
807472,LIBWKEPLP1F15Z,f,Windows_NT,logout,2014-02-04 14:16:37.791,sJVNi0I3OPwnMwvY9Zt5hQ==
807634,LIBWKEPLP1F2Z,t,Windows_NT,logout,2014-02-04 22:49:30.592,bzw/7Ute2uWP6W1oLGbhWQ==
806982,libwknonmbf31a,f,Mac OS X 10.8.5,logout,2014-04-28 21:55:04.781,dMXeTy7or3D2PHGeI7ZQlQ==
874645,libwkarcm1f3a,f,Mac OS X 10.8.5,logout,2014-04-28 11:54:53.823,GxvnmCDRQA/OYXVReDzchA==
800626,LIBWKCHMP1F18H,f,Windows_NT,logout,2014-01-24 22:11:53.922,lbgxW9j1xJ/9lNgnzF7Okw==
806724,LIBWKARTP1F2A,f,Windows_NT,login,2014-04-28 18:01:12.952,Nq7tce0S1N37uVke/8SdUA==
844761,LIBWKMCKP1F25X,f,Windows_NT,logout,2014-04-28 21:58:35.639,BWO9DCtQfDMMuoIiNwsOyw==
942027,LIBWKMCKRE-1816,f,Windows_NT,logout,2014-03-07 10:58:15.424,lbgxW9j1xJ/9lNgnzF7Okw==
805875,LIBWKARTP2F1A,f,Windows_NT,logout,2014-04-28 22:00:13.891,nwNTbpejwb9dDdxjpqgozw==
1124425,LIBWKMCKDEL-115,f,Windows_NT,logout,2014-04-24 00:37:00.403,lbgxW9j1xJ/9lNgnzF7Okw==
1102968,LIBWKMCKDEL-374,f,Windows_NT,logout,2014-04-20 10:40:20.14,lbgxW9j1xJ/9lNgnzF7Okw==
1144006,LIBWKMCKP6F711X,f,Windows_NT,logout,2014-04-28 20:33:11.958,lbgxW9j1xJ/9lNgnzF7Okw==
844507,LIBWKMCKP3F2X,f,Windows_NT,logout,2014-04-23 13:16:54.259,OV9HpXicAPR+eQkRwL5VDQ==
864477,LIBWKMDRP1F2X,f,Windows_NT,logout,2014-04-16 13:36:19.124,6taYd8aMI+1mCZHSlyuWsA==
1049729,LIBWKMCKP6F313X,f,Windows_NT,logout,2014-04-27 23:22:56.506,X2HPy0VKjCgzW3dTIZIijQ==
1124440,LIBWKMCKDEL-179,f,Windows_NT,logout,2014-04-24 00:40:04.826,lbgxW9j1xJ/9lNgnzF7Okw==
1118950,LIBWKMCKP6F714X,f,Windows_NT,logout,2014-04-25 12:56:37.186,lbgxW9j1xJ/9lNgnzF7Okw==
1123157,libwkmckm6f716b,f,Mac OS X 10.8.5,logout,2014-04-23 18:27:47.13,lbgxW9j1xJ/9lNgnzF7Okw==
861160,LIBWKCHMP1F5X,f,Windows_NT,logout,2014-04-28 18:30:05.083,mSupnt9d0J0ncmJqjz7VsQ==
875179,libwkarcm1f6a,f,Mac OS X 10.8.5,logout,2014-04-27 18:38:35.26,HOkj79/zpoGuk6w/V59J8A==
1141817,LIBWKMCKP6F726X,f,Windows_NT,logout,2014-04-28 14:57:20.812,lbgxW9j1xJ/9lNgnzF7Okw==
1124461,LIBWKMCKDEL-255,f,Windows_NT,logout,2014-04-24 00:45:00.945,lbgxW9j1xJ/9lNgnzF7Okw==
1124443,LIBWKMCKP6F728X,f,Windows_NT,logout,2014-04-28 14:57:21.949,lbgxW9j1xJ/9lNgnzF7Okw==
1124572,LIBWKMCKDEL-291,f,Windows_NT,logout,2014-04-28 15:42:38.768,lbgxW9j1xJ/9lNgnzF7Okw==
1073559,LIBWKMCKP6F129X,f,Windows_NT,logout,2014-04-13 18:16:20.914,lbgxW9j1xJ/9lNgnzF7Okw==
1119826,LIBWKMCKM6F314B,f,Mac OS X 10.8.5,logout,2014-04-24 20:00:59.809,vK3uo7T9G0L4nFSm2bhwOw==
1102592,LIBWKMCKP6F731X,f,Windows_NT,login,2014-04-28 21:15:19.071,AWZjQOeGpfFONMdhHYjRJA==
864921,LIBWKMCKRE-9437,f,Windows_NT,logout,2014-02-17 15:45:29.992,lbgxW9j1xJ/9lNgnzF7Okw==
875779,libwkartm2f5a,f,Mac OS X 10.8.5,logout,2014-04-28 22:00:01.927,gtkJCqHh7KUcQZS9eXKiEA==
805467,LIBWKMCKP1F66H,f,Windows_NT,logout,2014-02-05 17:09:13.186,0apPViU8TXG1MZteqy92Ig==
844715,LIBWKMCKP1F88X,f,Windows_NT,login,2014-04-28 23:00:37.551,TMgKyaDpn2uXrOoHwNXnOg==
874438,LIBWKEPLM1F8A,f,Mac OS X 10.8.5,logout,2014-04-28 16:47:53.073,y0v1zdR3Zz/hvtGYsQbdvw==
844995,LIBWKCHMP1F10X,f,Windows_NT,logout,2014-04-28 21:25:32.607,z6qRH7C/IDsNNFjTf2KOiA==
810075,LIBWKARCP1F6A,f,Windows_NT,logout,2014-04-28 10:16:30.34,VBo0KFnx5PkrVqmY1eQzfA==
1102569,LIBWKMCKDEL-591,f,Windows_NT,logout,2014-04-19 16:11:59.484,lbgxW9j1xJ/9lNgnzF7Okw==
1092800,LIBWKMCKP6F320X,f,Windows_NT,logout,2014-04-21 15:57:20.203,QKJV5OIJ2rrQQLPSVSvpFw==
863866,LIBWKMD196180,f,Windows_NT,logout,2014-02-17 12:44:44.959,lbgxW9j1xJ/9lNgnzF7Okw==
865597,LIBWKMCKRE-3261,f,Windows_NT,logout,2014-02-17 15:47:11.708,lbgxW9j1xJ/9lNgnzF7Okw==
1073624,LIBWKMCKM6F129B,f,Mac OS X 10.8.5,login,2014-04-13 18:28:30.144,lbgxW9j1xJ/9lNgnzF7Okw==
855731,LIBWKEPLP1F21X,f,Windows_NT,logout,2014-04-28 22:36:24.39,vI4GxtwTpAbO4j7wzDquCg==
1102963,LIBWKMCKDEL-316,f,Windows_NT,logout,2014-04-20 10:38:46.068,lbgxW9j1xJ/9lNgnzF7Okw==
1092783,LIBWKMCKDEL-111,f,Windows_NT,logout,2014-04-17 02:28:49.103,lbgxW9j1xJ/9lNgnzF7Okw==
844862,LIBWKCHMP1F6X,f,Windows_NT,logout,2014-04-28 22:43:31.164,SRBItouIb2ETyYJfJe2dIg==
1073563,LIBWKMCKP6F116X,f,Windows_NT,logout,2014-04-28 23:01:32.96,MrF6GPDTdpfiPsKlkAd0GA==
1102588,LIBWKMCKP6F733X,f,Windows_NT,login,2014-04-28 15:12:08.511,1ZmlPMe5IEMAgMMqQartjw==
1092785,LIBWKMCKDEL-117,f,Windows_NT,logout,2014-04-17 02:29:11.826,lbgxW9j1xJ/9lNgnzF7Okw==
864585,LIBWKMCKRE-3493,f,Windows_NT,logout,2014-02-17 13:51:53.311,lbgxW9j1xJ/9lNgnzF7Okw==
1124479,LIBWKMCKP6F724X,f,Windows_NT,logout,2014-04-24 01:00:50.494,lbgxW9j1xJ/9lNgnzF7Okw==
1123686,LIBWKMCKDEL-439,f,Windows_NT,logout,2014-04-23 20:23:51.116,lbgxW9j1xJ/9lNgnzF7Okw==
1102577,LIBWKMCKDEL-631,f,Windows_NT,logout,2014-04-19 16:13:32.568,lbgxW9j1xJ/9lNgnzF7Okw==
1102972,LIBWKMCKP6F727X,f,Windows_NT,logout,2014-04-28 14:56:17.395,lbgxW9j1xJ/9lNgnzF7Okw==
1103002,LIBWKMCKM6F135B,f,Mac OS X 10.8.5,login,2014-04-24 12:30:19.221,EzrBlngzC0b8SzNbJNjycw==
1122713,LIBWKMCKM6F315B,f,Mac OS X 10.8.5,login,2014-04-28 20:31:50.357,CIo3nJsuKXFdoAM9XaFb9g==
1123241,libwkmckm6f725b,f,Mac OS X 10.8.5,logout,2014-04-23 18:44:59.558,lbgxW9j1xJ/9lNgnzF7Okw==
844828,LIBWKMCKP5F2X,f,Windows_NT,logout,2014-04-28 17:55:47.803,3jDmWi/byS2q3n+2hrvmjg==
1102976,LIBWKMCKP6F730X,f,Windows_NT,login,2014-04-28 17:56:27.768,5x+12yUcxrfCDXwMHAF3Ow==
865684,LIBWKMDRP1F3X,f,Windows_NT,logout,2014-04-26 16:10:05.447,4JzuntvBh+whR/XMy1wdiA==
801135,libwkchmm1f16a,f,Mac OS X 10.8.5,logout,2014-04-28 21:45:01.616,SRBItouIb2ETyYJfJe2dIg==
864616,LIBWKMDRP1F1X,t,Windows_NT,logout,2014-04-25 10:55:38.459,04Q+PnUsMwdQcdxWlubuSg==
1124417,LIBWKMCKDEL-056,f,Windows_NT,logout,2014-04-24 00:34:22.134,lbgxW9j1xJ/9lNgnzF7Okw==
1074333,LIBWKMCKDEL-776,f,Windows_NT,logout,2014-04-13 23:46:47.106,lbgxW9j1xJ/9lNgnzF7Okw==
1118922,LIBWKMCKP6F716X,f,Windows_NT,logout,2014-04-24 00:51:06.438,lbgxW9j1xJ/9lNgnzF7Okw==
1124466,LIBWKMCKDEL-23,f,Windows_NT,logout,2014-04-24 00:46:40.722,lbgxW9j1xJ/9lNgnzF7Okw==
1102965,LIBWKMCKDEL-346,f,Windows_NT,logout,2014-04-20 10:39:55.23,lbgxW9j1xJ/9lNgnzF7Okw==
1102974,LIBWKMCKP6F729X,f,Windows_NT,logout,2014-04-24 00:48:43.02,lbgxW9j1xJ/9lNgnzF7Okw==
1073535,LIBWKMCKP6F134X,f,Windows_NT,logout,2014-04-24 13:45:20.081,AbMw9hka83QHYHtpXiNNrg==
796403,LIBWKMCKP2F3H,f,Windows_NT,logout,2014-02-06 17:17:10.691,8IMKzxwyNiONgXvQU1ylHA==
796489,LIBWKMCKP1F70H,t,Windows_NT,logout,2014-02-05 22:52:32.619,7GAoIEmrLA0eW6oc90ZCxg==
823864,LIBWKEPLP1F17,f,Windows_NT,logout,2014-01-30 14:43:35.124,lbgxW9j1xJ/9lNgnzF7Okw==
1094154,LIBWKMCKM6F113B,f,Mac OS X 10.8.5,login,2014-04-23 22:23:05.786,YppHHAKXatSnHMMgQCPowA==
813360,LIBWKARTP2F2A,f,Windows_NT,logout,2014-04-28 14:48:04.841,ibVu9cC1iiJPSGMgBcC/ow==
807480,LIBWKEPLP1F4Z,f,Windows_NT,logout,2014-02-04 21:23:47.809,LOgXhqvO1g/MtJLclwaCpg==
797770,LIBWKMCKP1F24H,f,Windows_NT,logout,2014-02-05 08:40:46.979,xGxkx87vILBsZWZh6ehNpQ==
807566,LIBWKEPLP1F28Z,f,Windows_NT,logout,2014-02-04 19:49:10.497,dFDDy7vw55ww0iQO1rPIbQ==
796702,LIBWKMCKP1F33H,f,Windows_NT,logout,2014-02-05 22:57:38.564,v9vLR6eLMTRUSi6qtFBLAA==
796392,LIBWKMCKP1F72H,t,Windows_NT,logout,2014-02-05 21:30:06.483,4lm9OXk7K7uxBStEnAvA4A==
823887,LIBWKEPLP1F17Z,f,Windows_NT,logout,2014-02-04 17:24:41.701,k2otx2YCRbYesjtdBkXO7A==
796748,LIBWKMCKP1F11H,f,Windows_NT,logout,2014-02-04 22:56:39.242,0eycVg2WWK3NrEIXcEUP8g==
1055485,LIBWKMCKDEL-540,f,Windows_NT,logout,2014-04-09 08:55:29.585,lbgxW9j1xJ/9lNgnzF7Okw==
822633,LIBWKARTP1F1A,f,Windows_NT,logout,2014-04-28 13:58:09.258,I1r4fiXm/U9C22mtRWo8tg==
796520,LIBWKMCKP1F3H,f,Windows_NT,logout,2014-02-04 18:17:34.392,msBcusEifQaR3Gs3umeo+Q==
855597,LIBWKEPLP1F22X,f,Windows_NT,logout,2014-04-28 19:09:15.82,FwwHsoQuQBzje/1bhptZJA==
808467,LIBWKMCKP1F50Y,f,Windows_NT,logout,2014-02-05 20:23:44.986,Za/2rx3NWWXIQlrGzjP9PA==
796471,LIBWKMCKP1F88H,f,Windows_NT,logout,2014-02-04 17:32:39.953,NmGXwNJxkkyNFK/jcLu6gw==
796434,LIBWKMCKP1F14H,f,Windows_NT,logout,2014-02-04 22:15:06.604,iMO5w/iBRZLC2Z76Mt/m/Q==
796527,LIBWKMCKP1F41H,f,Windows_NT,logout,2014-02-05 20:33:03.008,Du1lkdEb20p2xif+SD56OQ==
875362,libwkarcm1f4a,f,Mac OS X 10.8.5,logout,2014-04-24 20:37:33.443,yRD+nr91IxoRPw5sNtKncg==
797922,LIBWKMCKP2F68H,f,Windows_NT,logout,2014-02-07 12:23:59.133,7UrQlPyURHo0wrMaT/N21A==
805584,LIBWKMCKP1F63H,f,Windows_NT,logout,2014-02-05 21:39:51.008,btXGhruT0PwxRtpQm5tUlQ==
796360,LIBWKMCKP1F10H,f,Windows_NT,logout,2014-02-04 22:48:46.152,lnpjpFBCvqKa4H9E7ZP3MA==
1055521,LIBWKMCKP6F105X,f,Windows_NT,logout,2014-04-28 08:48:15.406,iIJcmrvsgVXhyxZpw6r8Gw==
796263,LIBWKMCKP2F59H,f,Windows_NT,logout,2014-02-07 12:44:04.094,Clqjvc9fN5Cs7CQL9v1b9A==
796165,LIBWKCHMP1F4H,f,Windows_NT,logout,2014-02-04 23:03:58.661,lbgxW9j1xJ/9lNgnzF7Okw==
823859,LIBWKEPLP1F8,f,Windows_NT,logout,2014-01-30 14:44:57.189,lbgxW9j1xJ/9lNgnzF7Okw==
875430,libwkarcm1f1a,f,Mac OS X 10.8.5,logout,2014-04-28 15:50:09.394,E6QB8Lhr5WPK5DRAbQqKmg==
807482,LIBWKEPLP1F9Z,f,Windows_NT,logout,2014-02-04 21:00:21.117,THKV68q5bNU+PMJ5/J9Y2w==
1125844,LIBWKMCKDEL-035,f,Windows_NT,logout,2014-04-24 10:52:11.024,lbgxW9j1xJ/9lNgnzF7Okw==
797820,LIBWKMCKP1F48H,f,Windows_NT,logout,2014-02-05 21:44:12.49,ew+BvdKyS6Mssn9sFua5AA==
1055523,LIBWKMCKP6F106X,f,Windows_NT,logout,2014-04-28 08:48:59.877,JNWpJv3aPhTMnsIBBxw/xA==
797198,LIBWKMCKP2F63H,f,Windows_NT,logout,2014-02-07 13:21:18.434,lbgxW9j1xJ/9lNgnzF7Okw==
796327,LIBWKMCKP1F26H,f,Windows_NT,logout,2014-02-04 22:51:02.016,p3Jh2IsPUn5HBjUellqeyQ==
807526,LIBWKEPLP1F12Z,f,Windows_NT,logout,2014-02-04 23:40:51.556,+s5PbM8g/1RNHhTzFtdW6Q==
811014,LIBWKARTP1F6A,f,Windows_NT,logout,2014-04-25 13:56:27.787,YKtpW4MdpJZ89TkHwFwEjw==
1094113,LIBWKMCKM6F111B,f,Mac OS X 10.8.5,logout,2014-04-29 00:51:01.312,Pi3dF+JgksyB/GaDXe2CXQ==
811283,LIBWKARTP2F3A,f,Windows_NT,logout,2014-04-23 14:10:09.225,V8DYYQyIxPUfn65QRqBtsg==
816775,LIBWKARCP1F3A,f,Windows_NT,logout,2014-04-26 17:26:54.049,Ip6BkqAjvW2lhgO0nzE1lA==
823875,LIBWKEPLP1F11,f,Windows_NT,logout,2014-01-30 14:46:58.799,lbgxW9j1xJ/9lNgnzF7Okw==
813232,LIBWKMCKDEL-661,f,Windows_NT,logout,2014-01-31 15:21:09.244,lbgxW9j1xJ/9lNgnzF7Okw==
1055507,LIBWKMCKDEL-585,f,Windows_NT,logout,2014-04-09 08:57:38.072,lbgxW9j1xJ/9lNgnzF7Okw==
797177,libwkmckm1f107a,f,Mac OS X 10.8.5,logout,2014-04-17 15:31:03.204,DB0fdZ6fecrza/fJPI30dw==
1125855,LIBWKMCKDEL-052,f,Windows_NT,logout,2014-04-24 10:52:54.722,lbgxW9j1xJ/9lNgnzF7Okw==
827741,LIBWKARCP1F5,f,Windows_NT,logout,2014-02-04 10:03:54.691,lbgxW9j1xJ/9lNgnzF7Okw==
824207,LIBWKEPLP1F30Z,f,Windows_NT,logout,2014-02-05 00:40:29.949,lbgxW9j1xJ/9lNgnzF7Okw==
1143973,LIBWKMCKDEL-451,f,Windows_NT,logout,2014-04-28 20:16:01.977,lbgxW9j1xJ/9lNgnzF7Okw==
823917,LIBWKEPLP1F11Z,f,Windows_NT,logout,2014-02-04 21:47:19.408,mQ9vrIn7Vf8kgQppsfa3sg==
805426,LIBWKMCKP1F61H,f,Windows_NT,logout,2014-02-05 16:51:01.726,LHhbmZw6jLMtARQvqY11Qg==
796271,LIBWKMCKP3F1H,f,Windows_NT,logout,2014-02-07 15:48:16.07,PqUTJSMb/CP9KUnziwLWEw==
796206,LIBWKMCKP2F32H,f,Windows_NT,logout,2014-02-06 22:31:38.697,SntUmdBKxw7iwVPLlaO0lA==
797720,LIBWKMCKP2F46H,f,Windows_NT,logout,2014-02-06 22:58:06.627,P8hBh9zymNNwF30KX/zwBw==
796915,LIBWKMCKP2F49H,f,Windows_NT,logout,2014-02-06 19:12:17.344,11wfw2UA7NB70OkdlZYLeg==
807543,LIBWKEPLP1F18Z,f,Windows_NT,logout,2014-02-04 17:16:00.516,k2otx2YCRbYesjtdBkXO7A==
808533,LIBWKMCKP1F2Y,f,Windows_NT,logout,2014-02-04 16:46:01.888,lbgxW9j1xJ/9lNgnzF7Okw==
797434,LIBWKMCKP2F37H,f,Windows_NT,logout,2014-02-06 15:16:31.203,TFZiU4LLs82TWuNSYqeTgA==
799432,LIBWKMCKP1F89H,f,Windows_NT,logout,2014-02-05 21:09:09.073,F9ji6CM9mmrkKAYcss3yJg==
796131,LIBWKMCKP2F38H,t,Windows_NT,logout,2014-02-06 22:59:58.552,cR+3Cr++F/K8bwEGGV6q6A==
876093,libwkartm1f2a,f,Mac OS X 10.8.5,logout,2014-04-28 17:56:53.067,55JI1H9ue75FqywAEpOVdw==
850445,LIBWKNONPBF3X,f,Windows_NT,logout,2014-04-28 16:34:44.185,7ABuAioYQ0J+ByGvAsVqIw==
818118,libwknonmbf30a,f,Mac OS X 10.8.5,logout,2014-04-28 17:43:48.407,oqFUWW/AIcINH3D9vKNcuA==
868911,LIBWKPALP1F5X,f,Windows_NT,logout,2014-04-28 22:13:52.498,+KxqMS1H5kFvMRccZ7nKTQ==
798660,libwkchmm1f15a,f,Mac OS X 10.8.5,logout,2014-04-28 22:16:59.155,1RTZGsEkIhr3JiCsriOYCA==
798229,LIBWKEPLM1F6A,f,Mac OS X 10.8.5,logout,2014-04-28 22:45:48.742,tRI62C1LQwHP54+uSPgUag==
1055488,LIBWKMCKDEL-541,f,Windows_NT,logout,2014-04-10 16:40:31.165,lbgxW9j1xJ/9lNgnzF7Okw==
796320,LIBWKMCKP1F23H,f,Windows_NT,logout,2014-02-04 22:57:24.674,6/eNmhHavxlYfhUrwCcyxA==
1109486,LIBWKMCKDEL-321,f,Windows_NT,logout,2014-04-21 18:07:24.768,lbgxW9j1xJ/9lNgnzF7Okw==
1098346,LIBWKMCKDEL-132,f,Windows_NT,logout,2014-04-17 21:09:15.151,lbgxW9j1xJ/9lNgnzF7Okw==
844851,LIBWKEPLP1F4X,f,Windows_NT,logout,2014-04-28 18:43:47.388,W3zLpqBg7vxhuHGzSo3eKA==
845305,LIBWKMCKP2F22X,f,Windows_NT,logout,2014-04-28 23:56:38.885,974zcSEVIKbHNOWyrzlTQg==
1072483,LIBWKMCKP6F130X,f,Windows_NT,logout,2014-04-29 01:04:54.261,06fPCzsPHnfSkQqgEfD17w==
1055532,LIBWKMCKP6F109X,f,Windows_NT,login,2014-04-28 09:35:15.48,lkBmLMoJ6b3XwEh2Y9+8bg==
846219,LIBWKMCKP2F20X,f,Windows_NT,logout,2014-04-29 01:30:12.924,Pk3f+PLuSI/n2LwA3u5aEg==
1125942,LIBWKMCKP6F722X,f,Windows_NT,logout,2014-04-28 02:11:33.241,lbgxW9j1xJ/9lNgnzF7Okw==
1097715,LIBWKMCKDEL-708,f,Windows_NT,logout,2014-04-17 17:46:51.563,lbgxW9j1xJ/9lNgnzF7Okw==
874958,libwkmckm1f66a,f,Mac OS X 10.8.5,logout,2014-04-29 02:05:27.416,8uH2FlmkgNJjbre4KiDp7A==
810025,LIBWKPAL1F20G,f,Windows_NT,logout,2014-02-17 22:59:41.353,+lt7gYb5FbsShC6/s8gf3Q==
846351,LIBWKMCKP2F64X,f,Windows_NT,logout,2014-04-29 02:22:13.943,cfs1WR+yajZWJVdHuWzGvQ==
866032,LIBWKPAL1F17G,f,Windows_NT,logout,2014-02-17 21:04:10.65,VmybXtYv83T3CAIrhtJlSA==
1096138,LIBWKMCKM6F117B,f,Mac OS X 10.8.5,login,2014-04-23 22:48:18.181,ZpNi7DUuv6W2rV8bSVit3Q==
863881,LIBWKCXMP3F1X,f,Windows_NT,logout,2014-04-28 22:39:13.403,s1cGHcSgxO64zNwTi1S9kw==
796881,LIBWKMCKP1F42H,f,Windows_NT,logout,2014-02-05 12:34:51.152,ERe6+0MqLLAfIz6FvxvIag==
796645,LIBWKMCKP2F45H,f,Windows_NT,logout,2014-02-06 19:13:32.475,lNc/QzK/ELRiIrs5SbvqAQ==
844556,LIBWKMCKP1F64X,f,Windows_NT,logout,2014-04-28 20:41:09.093,TIIe3NkQFygC7znXp8Q4AA==
1045994,LIBWKMCKP6F318X,f,Windows_NT,logout,2014-04-25 07:46:53.426,aB5Bkt3mC1DBI62MRvB6sQ==
844926,LIBWKMCKP1F89X,f,Windows_NT,logout,2014-04-29 06:31:32.197,TOv3cGE+QKCTA3qONjTJcQ==
796675,LIBWKMCKP2F50H,f,Windows_NT,logout,2014-02-07 12:32:24.874,lbgxW9j1xJ/9lNgnzF7Okw==
1038269,LIBWKMDRMP1F2,f,Windows_NT,logout,2014-04-27 15:57:26.453,5wRo4uJut0kWV6C4+hxvqg==
1125947,LIBWKMCKP6F721X,f,Windows_NT,logout,2014-04-24 11:07:21.6,lbgxW9j1xJ/9lNgnzF7Okw==
1098354,LIBWKMCKP6F321X,f,Windows_NT,logout,2014-04-17 21:20:52.02,lbgxW9j1xJ/9lNgnzF7Okw==
855707,LIBWKEPLP1F23X,f,Windows_NT,logout,2014-04-28 21:05:42.737,jyJ0tjYPJ5VVRgDQfIzD4Q==
844648,LIBWKEPLP1F3X,f,Windows_NT,logout,2014-04-28 21:49:54.922,j4Med7ta44oKn8eF4mRk0Q==
850609,LIBWKEPLP1F14X,f,Windows_NT,logout,2014-04-28 18:27:03.6,/+bGwtgBMx7kfwU9m6emQg==
796167,LIBWKMCKP1F76H,f,Windows_NT,logout,2014-02-05 21:51:55.257,5PYRsiLmX402qwiIldarew==
845181,LIBWKCHMP1F17X,f,Windows_NT,logout,2014-04-28 18:54:36.007,P+tVY45GsNzU9AfEJ6Or3g==
1095403,LIBWKMCKM6F123B,f,Mac OS X 10.8.5,login,2014-04-22 12:50:18.696,Py3w4OcfMQQfqI7hpggACQ==
797389,LIBWKPAL1F10G,f,Windows_NT,logout,2014-02-17 22:56:07.421,b51tcY/ZTMUkH8k4oui5HA==
845063,LIBWKCHMP1F1X,f,Windows_NT,logout,2014-04-28 18:55:11.886,ix2s7WXLpdMShi3LCGvy0w==
855672,LIBWKEPLP1F10X,f,Windows_NT,logout,2014-04-28 22:01:54.297,BEr1phpxhSeT3iP4wpWDpw==
850986,LIBWKNONPBF10X,f,Windows_NT,logout,2014-04-28 21:39:02.303,0Z3VJSK1Dk24p4v5ZpGKjA==
1094756,LIBWKMCKM6F126B,f,Mac OS X 10.8.5,logout,2014-04-28 20:16:49.521,HKaPtEks2P+1C91LnVyMTg==
922816,libwknonmbf29a,f,Mac OS X 10.8.5,logout,2014-04-14 11:58:53.41,/6bo6rca9eUVr5qoWPo+9w==
1038135,LIBWKMCKRE-7056,f,Windows_NT,logout,2014-04-04 15:47:14.703,lbgxW9j1xJ/9lNgnzF7Okw==
845472,LIBWKEPLP1F29X,f,Windows_NT,logout,2014-04-28 16:59:41.806,0IMC3Q8P3lePIFG3vuOonw==
844798,LIBWKCHMP1F12X,f,Windows_NT,logout,2014-04-28 20:20:43.491,oqyIkgxNeAG5zUV21+o7zg==
1095042,LIBWKMCKM6F112B,f,Mac OS X 10.8.5,login,2014-04-28 20:24:27.438,XADXNBQCsD4QsLQ2D70Hbg==
797393,LIBWKPAL1F1G,f,Windows_NT,logout,2014-02-17 22:56:35.101,XpyxO6GwYjkgeUKLsYd11g==
1047546,LIBWKMCKP6F316X,f,Windows_NT,logout,2014-04-24 17:36:14.226,rViRRLLPjrLqpdO7br2ThA==
851347,LIBWKCHMP1F18X,f,Windows_NT,logout,2014-04-28 22:23:05.473,ZoG5PcSf3C2+3oecmYVZ8w==
844609,LIBWKMCKP3F1X,f,Windows_NT,logout,2014-04-28 22:43:47.733,gFVAfIpi6YgQ/9hlwF6hmg==
797728,LIBWKPAL1F7G,f,Windows_NT,logout,2014-02-17 22:56:37.852,MfzR3eblJUuOZDvgHKfqHg==
1098335,LIBWKMCKDEL-990,f,Windows_NT,logout,2014-04-17 21:06:38.449,lbgxW9j1xJ/9lNgnzF7Okw==
1097738,LIBWKMCKP6F310X,f,Windows_NT,logout,2014-04-17 18:02:57.46,lbgxW9j1xJ/9lNgnzF7Okw==
810675,LIBWKPALM1F22A,f,Mac OS X 10.8.5,logout,2014-04-28 22:59:54.004,nOhweWyoVkx/eS4SRso00w==
1098351,LIBWKMCKDEL-156,f,Windows_NT,logout,2014-04-17 21:10:54.812,lbgxW9j1xJ/9lNgnzF7Okw==
848962,LIBWKMCKP1F85X,f,Windows_NT,logout,2014-04-28 20:21:09.862,1ifinTIflJB0vPTfpNHB7w==
849977,LIBWKNONPBF5X,f,Windows_NT,logout,2014-04-28 20:23:26.785,NX38eERqVk2S5qKfaThHBA==
853829,LIBWKCHMP1F3X,f,Windows_NT,logout,2014-04-28 23:01:01.64,D37hz/q/L3NvLKkeg1WoAg==
1058160,LIBWKMCKP6F112X,f,Windows_NT,logout,2014-04-28 08:48:13.839,0nPJP+INAUbzEzaEtOa5UA==
798378,libwkmckm1f80a,f,Mac OS X 10.8.5,logout,2014-04-28 21:51:07.625,0UG6RUVbB+t2i01Cl4ReAw==
845780,LIBWKEPLP1F15X,f,Windows_NT,logout,2014-04-28 18:03:23.35,1ZV5K+tEhdghacOGsQ7YyQ==
845582,LIBWKEPLP1F13X,t,Windows_NT,logout,2014-04-28 21:52:54.037,c1KwEraulAG9pKcJbvjZIQ==
844777,LIBWKMCKP2F26X,f,Windows_NT,logout,2014-04-29 02:22:16.788,SK5OqlDJ+TMbRgaMFvaZAw==
844561,LIBWKMCKP1F27X,f,Windows_NT,logout,2014-04-28 23:44:48.513,Tq6Rl4fpDoRxj3oTyXixZQ==
845939,LIBWKEPLP1F24X,f,Windows_NT,logout,2014-04-28 16:14:33.505,r0SPTWCefGEpFdmQOVnlMw==
860139,LIBWKEPLP3F1X,f,Windows_NT,logout,2014-04-28 17:29:05.19,QMAePl9qJo49ADf47ZPl1Q==
845820,LIBWKEPLP1F17X,f,Windows_NT,logout,2014-04-28 22:04:32.932,MEh2dgkTGBwWT155PLGJow==
845007,LIBWKMCKP1F9X,f,Windows_NT,logout,2014-04-28 23:58:06.636,FvMM6ufj7+i979/6D0QCmQ==
855572,LIBWKEPLP1F19X,f,Windows_NT,logout,2014-04-28 20:53:27.869,F5eCIlB023/PbqsRioTCwQ==
844528,LIBWKMCKP1F71X,f,Windows_NT,logout,2014-04-29 02:26:41.386,SNurbfn6A08nyfSE0VSX1Q==
1058718,LIBWKMCKM6F103B,f,Mac OS X 10.8.5,logout,2014-04-09 14:35:58.832,lbgxW9j1xJ/9lNgnzF7Okw==
846603,LIBWKMCKPMF1X,f,Windows_NT,logout,2014-02-26 15:39:55.839,lbgxW9j1xJ/9lNgnzF7Okw==
845964,LIBWKEPLP1F30X,f,Windows_NT,logout,2014-04-28 21:03:18.603,uBuQBD5XB0nBhwwfhuaKZw==
799317,libwkmckm1f62a,f,Mac OS X 10.8.5,logout,2014-04-29 03:26:08.134,x+FQlU1JiO4csjHUZyizKA==
850582,LIBWKNONPBF18X,f,Windows_NT,logout,2014-04-28 23:03:44.551,lbgxW9j1xJ/9lNgnzF7Okw==
1059896,LIBWKMCKDEL-009,f,Windows_NT,logout,2014-04-25 12:44:57.371,lbgxW9j1xJ/9lNgnzF7Okw==
868268,LIBWKPALP1F12X,f,Windows_NT,logout,2014-04-28 21:18:08.146,trPGq6Y82ZFR8thdMOOk9w==
1059935,LIBWKMCKP6F115X,f,Windows_NT,login,2014-04-23 08:38:22.38,iIJcmrvsgVXhyxZpw6r8Gw==
845106,LIBWKMCKP1F41X,f,Windows_NT,logout,2014-04-29 04:15:40.557,cfzY9jHNF9cMwbconp34Hw==
846240,LIBWKEPLP1F25X,f,Windows_NT,logout,2014-04-28 21:28:09.432,052iH8zg4ndfgKqVPQeMdA==
849958,LIBWKEPLP1F12X,f,Windows_NT,logout,2014-04-28 22:12:50.194,9ebIoqa5G1Oz5LG6+DyXBw==
844703,LIBWKMCKP2F68X,f,Windows_NT,logout,2014-04-29 00:41:47.542,MlVJoarRcyCiQvqYy3bGgA==
846298,LIBWKEPLP1F28X,f,Windows_NT,logout,2014-04-28 21:30:58.298,behyTgP3JIsnlZHbvJ4xqw==
847981,LIBWKMCKP2F3X,f,Windows_NT,logout,2014-04-28 22:24:00.801,U98YlNiieK80bf/KJZMHsg==
868293,LIBWKPALP1F7X,f,Windows_NT,logout,2014-04-28 21:33:16.195,Egmd26qjE0TTyiqqLwNgnA==
808919,LIBWKMCKM2F81A,f,Mac OS X 10.8.5,logout,2014-04-28 23:04:52.69,011PqXChBZBXyPFjKOkQwg==
1058104,LIBWKMCKDEL-406,f,Windows_NT,logout,2014-04-09 13:31:53.274,lbgxW9j1xJ/9lNgnzF7Okw==
1058139,LIBWKMCKP6F111X,f,Windows_NT,login,2014-04-28 12:04:22.195,n7F+pcxjGXYrPmmbemjNOg==
847173,LIBWKMCKP6F2X,f,Windows_NT,logout,2014-04-28 17:38:48.205,spetznxGHpNMl858o+qDsw==
845461,LIBWKMCKP2F19X,f,Windows_NT,logout,2014-04-29 05:12:48.315,O6sQiS3FuZGSJqDCw0Pbyw==
844663,LIBWKMCKP2F43X,f,Windows_NT,logout,2014-04-29 05:16:01.89,FNPfvTZXsaiPS9pGEHcA+g==
844554,LIBWKMCKP1F81X,f,Windows_NT,login,2014-04-29 06:36:03.073,PxFu/omBlGTgYQmYw5AIVg==
845778,LIBWKCHMP1F19X,f,Windows_NT,logout,2014-04-28 19:47:14.161,Z69YRkihAZLYRcyJzjp+7g==
871626,LIBWKPALP1F18X,f,Windows_NT,logout,2014-04-28 22:59:57.234,lNwcqsDm9n3lDNyMLUsq3A==
849919,LIBWKREMOVE1,f,Windows_NT,logout,2014-02-18 09:55:38.681,lbgxW9j1xJ/9lNgnzF7Okw==
1058122,LIBWKMCKDEL-441,f,Windows_NT,logout,2014-04-09 13:33:16.612,lbgxW9j1xJ/9lNgnzF7Okw==
845421,LIBWKMCKP1F65X,f,Windows_NT,logout,2014-04-29 02:14:39.943,6foJxeI5FGfXK0oqLwrDBw==
855591,LIBWKEPLP1F2X,f,Windows_NT,logout,2014-04-11 10:46:05.698,2YfNqKSpp/lN8ufPEZCljQ==
846759,LIBWKMCKP1F34X,f,Windows_NT,logout,2014-04-28 15:06:51.618,KDj+shpbs7UAKoXAz7X6VQ==
846044,LIBWKCHMP2F1X,f,Windows_NT,logout,2014-04-28 13:03:38.944,YiSinKU1lcrY+Cx/pceNTQ==
848118,LIBWKEPLP1F18X,f,Windows_NT,logout,2014-04-28 19:03:28.507,1sMRf4o7hVMXTlWMWke1Rg==
1098363,LIBWKMCKP6F732X,f,Windows_NT,login,2014-04-28 23:07:51.19,AWZjQOeGpfFONMdhHYjRJA==
861162,LIBWKCHMP1F11X,f,Windows_NT,logout,2014-04-28 22:29:57.221,8VOOuUwONB38yNAn5Tvm5A==
868150,LIBWKPALP1F8X,f,Windows_NT,logout,2014-04-28 19:31:42.961,mznFfKhIiMgWVUQpD1srQw==
803031,LIBWKPALM1F20A,f,Mac OS X 10.8.5,logout,2014-04-28 19:33:53.455,2RFeMS6HmAlACqGI/32KIQ==
867914,LIBWKMCKRE-3717,f,Windows_NT,logout,2014-02-18 09:35:15.21,lbgxW9j1xJ/9lNgnzF7Okw==
844652,LIBWKMCKP1F6X,f,Windows_NT,logout,2014-04-29 03:24:23.096,RlOqQcQB3iHgZ+QVE3JOIg==
798866,libwkmckm1f63a,f,Mac OS X 10.8.5,logout,2014-04-28 23:40:08.306,DMHyr4Qn2RPw+F7Danf6vA==
846204,LIBWKMCKP1F15X,t,Windows_NT,logout,2014-04-28 16:49:11.767,r8Bro1/n8XasVu5hEysajQ==
868568,LIBWKPALP1F19X,f,Windows_NT,logout,2014-04-28 21:24:15.171,USIJ4hepy/FY/sXF9YmM8Q==
872289,LIBWKPALP1F20X,f,Windows_NT,logout,2014-04-28 18:45:02.486,ZUS1a7qXGrS4VIfwM5UbyQ==
868236,LIBWKPALP1F10X,f,Windows_NT,logout,2014-04-28 17:18:30.132,nrLrZsVtlbU7kaqeIKY1ng==
845018,LIBWKCHMP1F9X,f,Windows_NT,logout,2014-04-28 22:37:37.099,GTdlaSeVQniYewhZ1lNrAA==
848284,LIBWKCHMP1F2X,f,Windows_NT,logout,2014-04-28 19:00:43.104,OFYFTL8h5kGP7siOt9buPA==
886671,LIBWKMCKDEL-508,f,Windows_NT,logout,2014-02-27 10:35:54.413,lbgxW9j1xJ/9lNgnzF7Okw==
868990,LIBWKPALP2F6X,f,Windows_NT,logout,2014-04-11 16:26:06.485,T8RPVx5+eq+0B9nNyLvRiw==
1094617,LIBWKMCKM6F104B,f,Mac OS X 10.8.5,logout,2014-04-25 02:26:30.291,0W/pbZKmHxwxWJu1QHbR9g==
887896,libwkartm1f5a,f,Mac OS X 10.8.5,logout,2014-04-28 11:59:15.77,0OZ2pz/aHd31ccxeQon+dA==
887794,LIBWKARTP2F5X,f,Windows_NT,logout,2014-04-28 14:28:07.341,pjtzUmFFIhtuicFQOG7TgQ==
1085066,LIBWKMCKDEL-146,f,Windows_NT,logout,2014-04-15 17:03:45.378,lbgxW9j1xJ/9lNgnzF7Okw==
868368,LIBWKPALP1F1X,f,Windows_NT,logout,2014-04-28 20:21:33.939,JX8J83f55pcvTUayK0HUCw==
1085108,LIBWKMCKP6F309X,f,Windows_NT,login,2014-04-22 21:36:27.6,2WKqsNXnqxWZNXqcsU5+ag==
1074340,LIBWKMCKP6F307X,f,Windows_NT,logout,2014-04-24 20:10:21.092,nYKSWK0fXBKbP8UbT7tJLA==
868533,LIBWKPALP1F6X,f,Windows_NT,logout,2014-04-28 22:45:21.155,D3fX3Ir2NolUip5FS+P1sA==
872029,LIBWKPALP2F2X,f,Windows_NT,logout,2014-04-28 22:46:18.628,MfzR3eblJUuOZDvgHKfqHg==
844668,LIBWKMCKP1F49X,f,Windows_NT,logout,2014-04-29 00:35:52.859,ikGuLJbx4r0QvcbycLLokw==
868757,LIBWKPALP1F11X,f,Windows_NT,logout,2014-04-28 21:46:31.284,lSIryp7/aHmGE8xiFPWSQg==
899117,LIBWKMCKP1FMF4X,f,Windows_NT,logout,2014-04-28 19:06:50.236,e2jvQDLz2NODcqeJ7cbLlw==
868129,LIBWKMCKRE-0245,f,Windows_NT,logout,2014-02-18 09:58:09.393,lbgxW9j1xJ/9lNgnzF7Okw==
844832,LIBWKMCKP1F21X,f,Windows_NT,logout,2014-04-29 07:23:33.299,+c9r5uZXPr423Y5hS+kXHA==
868374,LIBWKPALP1F3X,f,Windows_NT,logout,2014-04-28 21:52:39.245,9tKpw+jA+FwACMTyHKQBQg==
844939,LIBWKMCKP2F71X,f,Windows_NT,logout,2014-04-29 07:38:56.306,3Il1wEhCOZqfVnuTVPVxQw==
872151,LIBWKMCKRE-3745,f,Windows_NT,logout,2014-02-18 19:00:34.252,lbgxW9j1xJ/9lNgnzF7Okw==
868738,LIBWKPALP1F17X,f,Windows_NT,logout,2014-04-28 22:01:34.398,uelXFlsSU6P553XsbvX6Tw==
867757,LIBWKMCKRE-0641,f,Windows_NT,logout,2014-02-18 09:22:17.323,lbgxW9j1xJ/9lNgnzF7Okw==
872068,LIBWKPALP2F3X,f,Windows_NT,logout,2014-04-19 15:52:50.356,+mWynuokk31ODsmkU8HZwQ==
845102,LIBWKMCKP1F16X,f,Windows_NT,logout,2014-04-29 07:43:38.839,X14tmRjUAcQOozgyZAz5tQ==
887756,LIBWKMCKDEL-800,f,Windows_NT,logout,2014-02-21 13:01:30.642,lbgxW9j1xJ/9lNgnzF7Okw==
886346,libwkmtest109,f,Mac OS X 10.9.2,login,2014-04-25 09:17:04.809,lbgxW9j1xJ/9lNgnzF7Okw==
868662,LIBWKPALP2F1X,f,Windows_NT,logout,2014-04-28 19:27:33.532,2RFeMS6HmAlACqGI/32KIQ==
844742,LIBWKMCKP2F29X,f,Windows_NT,logout,2014-04-29 03:15:48.794,9CyS0qhq8SCDdS+XkVdlWQ==
869011,LIBWKPALP2F5X,f,Windows_NT,logout,2014-04-28 22:50:46.17,P7VVt6vvBzm9C0bYrMiMeg==
868362,LIBWKPALP1F9X,f,Windows_NT,logout,2014-04-28 22:53:54.369,XpyxO6GwYjkgeUKLsYd11g==
1073656,LIBWKMCKM6F121B,f,Mac OS X 10.8.5,logout,2014-04-23 22:24:19.014,Rk5dbn3cAr1tYX0q8YlqBg==
872283,LIBWKMCKRE-8719,f,Windows_NT,logout,2014-02-18 19:01:47.562,lbgxW9j1xJ/9lNgnzF7Okw==
869008,LIBWKPALP2F4X,f,Windows_NT,logout,2014-04-28 21:16:15.381,bWMB93qUsMZPpkKCmpKgfw==
801229,LIBWKPALM1F24A,f,Mac OS X 10.8.5,logout,2014-04-28 22:55:20.847,EyBOeMKl8ZdOMFfAEwIo1A==
872098,LIBWKMCKRE-8556,f,Windows_NT,logout,2014-02-18 18:35:12.506,lbgxW9j1xJ/9lNgnzF7Okw==
845387,LIBWKMCKP1F31X,f,Windows_NT,logout,2014-04-28 23:18:03.824,1ROz0aRQDAWM6NjSpxPiIQ==
846914,LIBWKMCKP1F30X,f,Windows_NT,logout,2014-04-28 23:18:17.238,OPmk+t5uGyi5bORBY/N/gw==
1067445,LIBWKMCKDEL-705,f,Windows_NT,logout,2014-04-10 23:14:06.243,lbgxW9j1xJ/9lNgnzF7Okw==
1108724,LIBWKMCKP6F702X,f,Windows_NT,logout,2014-04-21 16:24:40.77,lbgxW9j1xJ/9lNgnzF7Okw==
1108739,LIBWKMCKP6F707X,f,Windows_NT,logout,2014-04-25 13:24:41.804,lbgxW9j1xJ/9lNgnzF7Okw==
1108675,LIBWKMCKDEL-276,f,Windows_NT,logout,2014-04-21 16:10:13.728,lbgxW9j1xJ/9lNgnzF7Okw==
844546,LIBWKMCKP2F63X,f,Windows_NT,logout,2014-04-28 20:55:18.095,aknfdWAFCrJDQ1Zkc+/ecw==
844904,LIBWKEPLP1F20X,f,Windows_NT,logout,2014-04-28 22:29:25.122,lrQUSWuT9eq8JZF8iJYGLw==
1108678,LIBWKMCKDEL-274,f,Windows_NT,logout,2014-04-21 16:10:31.764,lbgxW9j1xJ/9lNgnzF7Okw==
845047,LIBWKMCKP1F83X,f,Windows_NT,logout,2014-04-28 20:57:14.596,C/o7NkN/ciI/AFb0ZhGbdA==
1105206,LIBWKMCKDEL-397,f,Windows_NT,logout,2014-04-21 10:41:33.914,lbgxW9j1xJ/9lNgnzF7Okw==
1108732,LIBWKMCKP6F708X,f,Windows_NT,logout,2014-04-21 16:25:38.147,lbgxW9j1xJ/9lNgnzF7Okw==
1105249,LIBWKMCKP6F704X,f,Windows_NT,logout,2014-04-29 00:57:06.181,f5/VtMkuZ+UFO2VMwP0C6w==
799504,LIBWKPAL1F9G,f,Windows_NT,logout,2014-02-17 19:46:51.004,EyBOeMKl8ZdOMFfAEwIo1A==
1109505,LIBWKMCKP6F717X,f,Windows_NT,logout,2014-04-23 05:00:01.298,A+mRBqKGJVR5EfD2r3STaQ==
1108692,LIBWKMCKDEL-282,f,Windows_NT,logout,2014-04-21 16:11:20.92,lbgxW9j1xJ/9lNgnzF7Okw==
799537,LIBWKMCKM2F91A,f,Mac OS X 10.8.5,logout,2014-04-29 01:58:02.452,3Il1wEhCOZqfVnuTVPVxQw==
873867,libwkmckm1f65a,f,Mac OS X 10.8.5,logout,2014-04-29 01:59:17.773,Ay2BK3p0QWw/c2Kldh6qLg==
1109983,LIBWKMCKM6F109B,f,Mac OS X 10.8.5,logout,2014-04-29 03:01:46.604,XADXNBQCsD4QsLQ2D70Hbg==
844636,LIBWKMCKP2F50X,f,Windows_NT,logout,2014-04-29 03:44:01.674,D+iKF92uDyHMflhF21ffCw==
846277,LIBWKMCKP1F55X,f,Windows_NT,logout,2014-04-29 04:57:22.697,0CcrtP+VxsdVFiFfFjVDSQ==
855578,LIBWKEPLP1F5X,t,Windows_NT,logout,2014-04-28 21:13:34.674,Z+66joNucSSnnSsp2RZtMg==
844540,LIBWKMCKP1F7X,f,Windows_NT,login,2014-04-29 07:33:56.147,u/NUwB4BoPph2+YciBAlNg==
850036,LIBWKEPLP2F1X,f,Windows_NT,logout,2014-04-28 22:00:24.825,lbgxW9j1xJ/9lNgnzF7Okw==
943590,LIBWKEPLP1F11X,f,Windows_NT,logout,2014-04-28 22:01:52.457,BEr1phpxhSeT3iP4wpWDpw==
844595,LIBWKCHMP1F21X,f,Windows_NT,logout,2014-04-28 18:34:58.081,UyVjmMqLt5jTKkfzafhAxw==
845244,LIBWKMCKP1F37X,f,Windows_NT,logout,2014-04-28 20:19:54.785,SssoMG2Q4Y6BuKjQVfInNw==
844565,LIBWKMCKP1F79X,f,Windows_NT,logout,2014-04-28 21:33:41.393,3giHVOjbHzSBRY4jTX+75Q==
874361,LIBWKMCKM2F93A,f,Mac OS X 10.8.5,logout,2014-04-28 18:52:32.408,uEl9b+HpupekCZYG3YJoHw==
845016,LIBWKEPLP1F6X,f,Windows_NT,logout,2014-04-28 21:36:49.256,8H8ZuNCWZu86vF0EE9GlLw==
844586,LIBWKMCKP2F1X,f,Windows_NT,logout,2014-04-28 22:16:10.904,/mdk9dNTVLZzsLfM2bpVmQ==
844619,LIBWKMCKP2F37X,f,Windows_NT,logout,2014-04-28 22:42:00.41,byqZBQALauf4ZEwDJXsChQ==
1105183,LIBWKMCKDEL-345,f,Windows_NT,logout,2014-04-21 10:39:31.271,lbgxW9j1xJ/9lNgnzF7Okw==
845067,LIBWKEPLP1F9X,f,Windows_NT,logout,2014-04-28 22:44:37.846,MEh2dgkTGBwWT155PLGJow==
846070,LIBWKMCKP1F51X,f,Windows_NT,logout,2014-04-28 22:25:07.758,gfraJEFj3tIbMwf6bgjfXg==
855757,LIBWKEPLP1F8X,t,Windows_NT,logout,2014-04-28 21:47:00.789,cT4oeQj7/4XSrxGO84w4WA==
810021,LIBWKMCKM2F74A,f,Mac OS X 10.8.5,logout,2014-04-28 22:46:15.617,MnxGpxSqs9a9k0P3z6Hing==
1067452,LIBWKMCKDEL-709,f,Windows_NT,logout,2014-04-10 23:14:42.422,lbgxW9j1xJ/9lNgnzF7Okw==
868289,LIBWKPALP1F4X,f,Windows_NT,logout,2014-04-28 22:55:02.837,+lt7gYb5FbsShC6/s8gf3Q==
844885,LIBWKMCKP2F55X,f,Windows_NT,logout,2014-04-28 23:32:49.88,93fJA5un7xFxr9Ei/aSbYg==
844821,LIBWKMCKP1F80X,f,Windows_NT,logout,2014-04-29 03:33:42.922,Y/UvYRYdwYqq/Tp9W5aU6g==
847779,LIBWKMCKP2F38X,f,Windows_NT,logout,2014-04-29 03:46:46.53,RpybjDBCcsSw7ynLl44CDQ==
798281,LIBWKMCKM2F89A,f,Mac OS X 10.8.5,logout,2014-04-29 03:50:44.05,tRI62C1LQwHP54+uSPgUag==
844502,LIBWKMCKP1F60X,f,Windows_NT,logout,2014-04-29 04:00:08.112,6S0h+pPUS8oRN9FJuqRTxQ==
844614,LIBWKMCKP2F27X,f,Windows_NT,logout,2014-04-28 21:29:44.381,yLYBsMHPVnVLwJXQwSNy0A==
800340,LIBWKMCKM2F94A,f,Mac OS X 10.8.5,logout,2014-04-28 20:28:09.338,ogNOHfOXwT6FfRKbEj/mIg==
801416,LIBWKMCKM2F17A,f,Mac OS X 10.8.5,logout,2014-04-29 04:23:30.279,5ppMLCY63Fs4/9/TZmIBYQ==
844576,LIBWKMCKP2F70X,f,Windows_NT,logout,2014-04-28 23:53:31.191,gD8Gz1gjiOumFYinYMEa0g==
867521,LIBWKCHMP1F7X,f,Windows_NT,logout,2014-04-28 23:02:33.395,bGpqxibBumnzFy98wouKtg==
844659,LIBWKMCKP2F8X,f,Windows_NT,logout,2014-04-28 23:54:25.353,qXD1Y8OulUwuhSQyhcKOZA==
1054913,LIBWKMCKDEL-510,f,Windows_NT,logout,2014-04-08 23:41:17.092,lbgxW9j1xJ/9lNgnzF7Okw==
844544,LIBWKMCKP2F67X,f,Windows_NT,logout,2014-04-28 23:04:34.066,8j51JMLk2xR+ukNhquZq3w==
873916,LIBWKMCKM2F77A,f,Mac OS X 10.8.5,logout,2014-04-28 21:40:12.808,GOmuqze4qGIMiVLGqLnuPw==
845156,LIBWKMCKP2F21X,f,Windows_NT,logout,2014-04-29 04:32:14.252,SlPf6zFCW9jS/IuE8mFqIw==
845397,LIBWKMCKP2F41X,f,Windows_NT,login,2014-04-29 07:15:09.311,hWfL97dt+mifvCZdbtTiRg==
800363,LIBWKMCKM2F72A,f,Mac OS X 10.8.5,logout,2014-04-29 01:29:09.67,jS7yysVqqcDT2UKTRnoDeA==
1054952,LIBWKMCKP6F107X,f,Windows_NT,logout,2014-04-28 20:41:43.34,CXLk4NI95q2RYqiOHpGiaA==
845914,LIBWKCHMP1F20X,f,Windows_NT,logout,2014-04-28 16:55:35.183,vKxuUIh+wDG/0T0faxUgGQ==
796996,LIBWKARTP1FTEST,f,Windows_NT,logout,2014-04-28 20:12:29.213,lbgxW9j1xJ/9lNgnzF7Okw==
844993,LIBWKMCKP2F36X,f,Windows_NT,logout,2014-04-29 00:22:36.363,z8qRVCnQOQJ+tdPKTYplnw==
844688,LIBWKMCKP1F14X,f,Windows_NT,logout,2014-04-29 01:34:24.6,0eycVg2WWK3NrEIXcEUP8g==
844941,LIBWKMCKP2F60X,t,Windows_NT,logout,2014-04-28 22:08:25.57,CdtE1WeB8KjaUnkyioDSpw==
845149,LIBWKMCKP1F59X,f,Windows_NT,login,2014-04-29 07:38:39.338,9RO8TowFc4Z88Q9v8/E3aQ==
874152,LIBWKMCKM2F11A,f,Mac OS X 10.8.5,logout,2014-04-28 23:06:55.842,6Z9kyYik3DRx6gWHoccmyg==
801216,LIBWKPALM1F21A,f,Mac OS X 10.8.5,login,2014-04-28 17:55:03.685,M5JcqQ8HlxPFi8H/AG5+fA==
799847,LIBWKMCKM2F76A,f,Mac OS X 10.8.5,logout,2014-04-29 07:38:52.787,sNJXZdCQkGDuqH0iFYipcg==
860513,LIBWKCHMP1F4X,f,Windows_NT,logout,2014-04-28 19:05:52.894,nyOi2YvEBMM1wjqgfKNZJA==
844955,LIBWKCHMP1F8X,f,Windows_NT,logout,2014-04-28 19:07:00.472,zNXT6v6Q9xzStZzIugwiIQ==
844631,LIBWKMCKP1F63X,f,Windows_NT,logout,2014-04-28 20:46:57.479,+/di1vtnnDljUi6wAnksug==
844526,LIBWKMCKP1F56X,f,Windows_NT,logout,2014-04-29 01:37:21.187,+/di1vtnnDljUi6wAnksug==
844657,LIBWKMCKP1F24X,f,Windows_NT,login,2014-04-29 07:41:38.326,g8q0GK1IaoRre0bF9NB2fA==
798086,libwkmckm1f86a,f,Mac OS X 10.8.5,logout,2014-04-28 23:09:43.014,gjZKoGF+GgBA0P24VtDW3A==
846675,LIBWKMCKP1F19X,f,Windows_NT,logout,2014-04-29 07:43:23.484,udvqdrg6DdeT8LpwRm9WYg==
844896,LIBWKMCKP2F57X,f,Windows_NT,logout,2014-04-29 01:48:58.966,FiiRerotkadDG+Wdu4sGrw==
868176,LIBWKPALP1F13X,f,Windows_NT,logout,2014-04-28 22:46:15.448,GTR31npVRHXe0V/DFpe0Zg==
859904,LIBWKMCKP1F74X,f,Windows_NT,logout,2014-04-29 02:53:15.823,B5tH90j1kLMvSIyBBp5FCQ==
908356,LIBWKMCKP1FMF2X,f,Windows_NT,logout,2014-04-28 21:12:14.767,LeO/OrHk5vsWehQOs6KiOw==
844559,LIBWKMCKP1F36X,f,Windows_NT,logout,2014-04-28 23:19:29.644,l/U0rBViuL216rqtf9lGnA==
868826,LIBWKPALP1F15X,f,Windows_NT,logout,2014-04-28 22:51:41.259,DZwAKVnuNfiBflgQ5IGmQA==
1095014,LIBWKMCKM6F110B,f,Mac OS X 10.8.5,login,2014-04-28 11:56:28.012,5OwdMIYZmHd84jFQ3wZWYQ==
1107506,LIBWKMCKM6F318B,f,Mac OS X 10.8.5,logout,2014-04-28 23:19:29.741,YmJNc9Q3s+SgDRwzfMWkRw==
1067468,LIBWKMCKP6F120X,f,Windows_NT,logout,2014-04-10 23:30:29.678,lbgxW9j1xJ/9lNgnzF7Okw==
1067456,LIBWKMCKDEL-719,f,Windows_NT,logout,2014-04-10 23:15:47.354,lbgxW9j1xJ/9lNgnzF7Okw==
1061822,LIBWKMCKP6F126X,f,Windows_NT,logout,2014-04-22 23:12:09.37,TVfF5HsMCnGowbV88dnIsQ==
798490,LIBWKMCKM2F95A,f,Mac OS X 10.8.5,logout,2014-04-28 17:58:24.955,ow3j1kJl6t0JLXV4bvSpOw==
845071,LIBWKMCKP2F56X,f,Windows_NT,logout,2014-04-29 01:36:25.756,mlM2qECDDZmZuFmVJXiTqg==
803130,LIBWKMCKM2F92A,f,Mac OS X 10.8.5,logout,2014-04-29 01:41:46.081,Mzr7SHH9PlA1NpcXKoNnkA==
844628,LIBWKMCKP1F75X,f,Windows_NT,logout,2014-04-29 01:55:50.121,Oybp/Sk7JiIHZstWZ7Qwwg==
803810,LIBWKMCKM2F80A,f,Mac OS X 10.8.5,logout,2014-04-28 18:04:50.417,w4XIYvWSBQ4gXHKtr7IWPw==
1054950,LIBWKMCKP6F108X,f,Windows_NT,logout,2014-04-22 21:23:52.872,q9rh90wdBw5Wj33VApcIWA==
844817,LIBWKMCKP2F25X,f,Windows_NT,logout,2014-04-28 20:44:36.792,/+bGwtgBMx7kfwU9m6emQg==
844569,LIBWKMCKP1F45X,f,Windows_NT,logout,2014-04-28 16:39:24.096,LkEvHRrKioi4a4HtsbsQXQ==
844623,LIBWKMCKP2F31X,f,Windows_NT,logout,2014-04-29 02:33:10.5,KEg6XhbE40rHtctFJI5HEg==
844581,LIBWKMCKP2F47X,f,Windows_NT,logout,2014-04-29 02:38:11.53,4WHFg2+7pklR2J2qnWzlHg==
845444,LIBWKMCKP1F8X,f,Windows_NT,logout,2014-04-28 23:58:25.991,lTjEkwFCrCdyMjm5oJEmPg==
798975,libwkmckm1f68a,f,Mac OS X 10.8.5,logout,2014-04-28 21:57:14.325,pXxkbM8Xvwryhn9VbPcofQ==
844989,LIBWKMCKP2F35X,f,Windows_NT,logout,2014-04-29 03:01:19.598,30CGlAcNA8vvq9/p478hYQ==
1067471,LIBWKMCKP6F121X,f,Windows_NT,logout,2014-04-23 14:49:25.585,FAM6Y2SVSS2VyaZE7IObFw==
799062,LIBWKMCKM2F90A,f,Mac OS X 10.8.5,logout,2014-04-29 04:03:18.365,butefULoLwjk9g8MypQPLA==
844784,LIBWKMCKP1F13X,f,Windows_NT,logout,2014-04-29 00:26:41.211,nZGEJLLk+4fcy2OHgdC3cA==
846367,LIBWKMCKP1F5X,f,Windows_NT,logout,2014-04-29 04:07:45.009,RlOqQcQB3iHgZ+QVE3JOIg==
844532,LIBWKMCKP2F7X,f,Windows_NT,logout,2014-04-29 00:43:34.093,e2jvQDLz2NODcqeJ7cbLlw==
873975,LIBWKMCKM2F15A,f,Mac OS X 10.8.5,login,2014-04-29 00:43:35.166,f+CKzErJh9BbJgALNAP+eA==
798283,LIBWKMCKM2F96A,f,Mac OS X 10.8.5,logout,2014-04-29 04:20:25.623,aubJnsra5NBPVSlW23Z9+w==
844584,LIBWKMCKP1F43X,f,Windows_NT,logout,2014-04-28 18:23:42.524,9wZ6Zqe4TsAM2Fz9flpEWQ==
844840,LIBWKMCKP2F24X,f,Windows_NT,logout,2014-04-29 01:04:05.626,sDRXeMjet4UtcuwkCJP2/A==
844537,LIBWKMCKP2F40X,f,Windows_NT,logout,2014-04-29 04:45:41.285,eGwELIVEbizrceaUrWSXnQ==
844571,LIBWKMCKP2F45X,f,Windows_NT,logout,2014-04-29 01:19:08.574,f5/VtMkuZ+UFO2VMwP0C6w==
844646,LIBWKMCKP2F9X,f,Windows_NT,logout,2014-04-29 06:07:14.878,I5pUkBi157t+RRR9rur8cQ==
799849,LIBWKMCKM2F79A,f,Mac OS X 10.8.5,logout,2014-04-29 01:20:21.719,jS7yysVqqcDT2UKTRnoDeA==
844573,LIBWKMCKP1F82X,f,Windows_NT,logout,2014-04-29 01:28:23.64,GTYwZAHhZ7NjrqzijDNFSQ==
802691,WS100036,f,Windows_NT,login,2014-04-28 16:46:02.691,p7KmPJZhwgmvFbxp0XhAlw==
844642,LIBWKMCKP2F6X,f,Windows_NT,login,2014-04-29 07:23:58.081,0WYeQdxO27lHgvACI3bciw==
845511,LIBWKMCKP1F12X,f,Windows_NT,logout,2014-04-29 07:45:01.983,M0ALyCq1GZc+L62Raq3UsA==
844727,LIBWKMCKP5F1X,f,Windows_NT,logout,2014-04-28 19:30:23.065,ogNOHfOXwT6FfRKbEj/mIg==
845002,LIBWKMCKP1F35X,t,Windows_NT,logout,2014-04-28 21:23:43.412,d9T80Y/4tyDawkATJchTLA==
844616,LIBWKMCKP2F65X,f,Windows_NT,logout,2014-04-28 22:20:40.06,DNSlGigbtF0h1apgWLDajw==
844856,LIBWKMCKP2F46X,f,Windows_NT,logout,2014-04-28 23:09:21.556,UN8/L4NQoe+IIH96np3RIQ==
844695,LIBWKMCKP1F87X,f,Windows_NT,logout,2014-04-28 22:25:07.965,YXtfRWjFQfiZq5l14whYIg==
796414,LIBWKMCKP4F1B,f,Windows_NT,logout,2014-04-28 17:50:11.138,ejhBDfHsmEBZLgjOfCyASQ==
844498,LIBWKMCKP1F68X,f,Windows_NT,logout,2014-04-29 02:27:46.751,KVVwX4rZtOKjjtBhdT8wSQ==
844535,LIBWKMCKP1F52X,f,Windows_NT,logout,2014-04-28 23:57:40.712,5kIOy4L7vDMNylN/0Iaj4w==
845138,LIBWKMCKP2F5X,f,Windows_NT,logout,2014-04-29 02:40:03.295,SwdD0IeXcq1Y9yCwu6zQRA==
844593,LIBWKMCKP1F1X,f,Windows_NT,logout,2014-04-28 19:24:16.262,f9aEKEoksUA5vvbD9MCu+Q==
844597,LIBWKMCKP2F42X,f,Windows_NT,logout,2014-04-29 02:45:10.936,E57T/b5yVE4W0m7FIkQwzw==
798227,LIBWKMCKM2F84A,f,Mac OS X 10.8.5,logout,2014-04-29 02:55:46.255,RNzP7mfP3p7vuFje6nuzAw==
846335,LIBWKMCKP2F61X,f,Windows_NT,logout,2014-04-29 03:08:05.13,7UZz6qnCrl7jjEWdJ9iDiQ==
845310,LIBWKMCKP6F1X,f,Windows_NT,logout,2014-04-29 00:08:52.58,EegtP69uZSnFrNgGaTDcPw==
844842,LIBWKMCKP1F77X,f,Windows_NT,logout,2014-04-29 03:13:20.631,cfzY9jHNF9cMwbconp34Hw==
844722,LIBWKMCKP1F2X,f,Windows_NT,logout,2014-04-29 03:37:12.929,ImS9OJ7FqACJJoS4tJ7HVA==
844707,LIBWKMCKP2F69X,f,Windows_NT,logout,2014-04-29 03:49:30.696,boa3W0P+PSXq2+osQdbPuA==
844986,LIBWKMCKP2F53X,f,Windows_NT,logout,2014-04-29 00:31:44.325,QLYI2QIoZCgWAqmgnUPgxw==
844640,LIBWKMCKP2F52X,f,Windows_NT,login,2014-04-29 04:51:30.375,SKksiic1B6uKSc9vEMlklA==
844815,LIBWKMCKP1F47X,f,Windows_NT,logout,2014-04-28 16:06:47.142,kjXbLJIo2bgs/PJQIB8imw==
844548,LIBWKMCKP1F73X,f,Windows_NT,logout,2014-04-28 22:34:10.942,p4s3rWJFZI/X+vBAs/Wltw==
798599,libwkmckm1f81a,f,Mac OS X 10.8.5,logout,2014-04-29 06:16:08.048,w8/weEGhUnxFwNdblfnTjg==
799136,libwkmckm1f61a,f,Mac OS X 10.8.5,login,2014-04-29 06:45:13.006,C0toFIWj2HCpOVBZXUejjA==
844736,LIBWKMCKP2F44X,f,Windows_NT,logout,2014-04-29 06:48:09.616,N8z4F+ujH47BWQktwmHrwA==
873984,libwkmckm1f64a,f,Mac OS X 10.8.5,logout,2014-04-28 19:58:19.58,W0xgBRfTWTm5kiFk6O/RyA==
844579,LIBWKMCKP2F48X,f,Windows_NT,logout,2014-04-29 01:19:32,IiURlkqDmALuXqRIQ3TUfQ==
844928,LIBWKMCKP2F39X,f,Windows_NT,logout,2014-04-29 01:34:09.66,YPqyVdwMxzRdqwvUhxKM8w==
846108,LIBWKMCKP1F32X,f,Windows_NT,logout,2014-04-28 21:22:48.777,tHcXzxqs4076oxrks06sFw==
844605,LIBWKMCKP1F23X,f,Windows_NT,login,2014-04-29 07:45:19.953,0l8JK9zB7ths33Z3lBHt4g==
844752,LIBWKMCKP1F4X,f,Windows_NT,login,2014-04-29 07:45:37.354,TAkYJ9CamzQYDQq+VMbVvA==
951713,LIBWKPALP1F16X,f,Windows_NT,logout,2014-04-07 22:17:04.355,+lt7gYb5FbsShC6/s8gf3Q==
844650,LIBWKMCKP1F18X,f,Windows_NT,logout,2014-04-28 21:28:47.998,X3o+IKtEQ0SxqKarN5X9Zw==
844991,LIBWKMCKP1F62X,f,Windows_NT,login,2014-04-28 19:16:35.048,SdkFsnkKK+McOanhtmgr3Q==
844589,LIBWKMCKP1F11X,f,Windows_NT,logout,2014-04-28 22:13:35.637,/rv8BPnlg2zi1v+wSzjmHQ==
844807,LIBWKMCKP1F46X,f,Windows_NT,logout,2014-04-28 22:15:45.761,PiBhbyom39aqyu71N65puQ==
844591,LIBWKMCKP1F61X,f,Windows_NT,logout,2014-04-28 23:00:33.411,796ukfTppRP4tkvoZJJEMQ==
844551,LIBWKMCKP1F90X,t,Windows_NT,logout,2014-04-28 23:04:20.507,iIhS0l09ew4P9gQuAvb4Lg==
844796,LIBWKMCKP2F62X,f,Windows_NT,logout,2014-04-28 23:12:56.239,evn62xs2flMz6uDoVhbi2g==
844697,LIBWKMCKP1F10X,f,Windows_NT,logout,2014-04-29 02:09:15.871,dFD1tbhJnf6NSkiiT51T5A==
798310,LIBWKMCKM2F12A,f,Mac OS X 10.8.5,logout,2014-04-28 23:41:49.855,POUhmCm2+7YEsfQ3caXrrg==
1074445,LIBWKMCKDEL-342,f,Windows_NT,logout,2014-04-14 01:20:52.32,lbgxW9j1xJ/9lNgnzF7Okw==
844567,LIBWKMCKP1F40X,f,Windows_NT,logout,2014-04-29 07:46:56.384,R1VJG6zoTenc+pUzWMkkWA==
1074455,LIBWKMCKP6F308X,f,Windows_NT,logout,2014-04-14 01:36:34.106,lbgxW9j1xJ/9lNgnzF7Okw==
811802,LIBWKMCKM2F78A,f,Mac OS X 10.8.5,logout,2014-04-28 21:52:33.646,Fh5MNf3pTzcT3ts6eUsqig==
1076859,LIBWKMCKDEL-269,f,Windows_NT,logout,2014-04-14 12:24:45.219,lbgxW9j1xJ/9lNgnzF7Okw==
1076899,LIBWKMCKP6F311X,f,Windows_NT,logout,2014-04-14 12:38:35.316,lbgxW9j1xJ/9lNgnzF7Okw==
1105232,LIBWKMCKP6F703X,f,Windows_NT,login,2014-04-28 21:56:10.323,BbVcU6OojrhJIgokXJTkMA==
844960,LIBWKMCKP2F2X,f,Windows_NT,logout,2014-04-29 02:57:46.741,lgNuI4QxCSIPRi9n05nrvw==
908267,LIBWKMCKP1FMF1X,f,Windows_NT,logout,2014-04-28 23:52:22.741,14ZHTnxJDfXCsA16ZN2SHg==
846217,LIBWKMCKP1F29X,f,Windows_NT,logout,2014-04-29 00:12:20.307,YLUbEtO56s28rQNNzqQDig==
1110657,LIBWKMCKM6F132B,f,Mac OS X 10.8.5,login,2014-04-22 01:34:25.943,kyZEVKj0TUmbCbQ68Z/QoA==
798407,LIBWKMCKM2F99A,f,Mac OS X 10.8.5,logout,2014-04-28 21:26:45.312,o4hAeQ7i7Hfh85p1kUYrIg==
868016,LIBWKPALP1F2X,t,Windows_NT,logout,2014-04-28 15:40:32.272,udzFHS2+YKElNmyihT6AKw==
844607,LIBWKMCKP1F22X,f,Windows_NT,logout,2014-04-28 18:18:57.627,M+tWTRsYjkYEIzHEiban8A==
844530,LIBWKMCKP1F54X,f,Windows_NT,logout,2014-04-29 03:47:21.342,e2jvQDLz2NODcqeJ7cbLlw==
844854,LIBWKMCKP2F49X,f,Windows_NT,logout,2014-04-29 00:47:58.471,boa3W0P+PSXq2+osQdbPuA==
801462,LIBWKMCKM2F13A,f,Mac OS X 10.8.5,logout,2014-04-28 19:44:49.809,Mg0NTviWbQfR/lxJN1Izdw==
845426,LIBWKMCKP1F39X,f,Windows_NT,logout,2014-04-28 19:45:39.589,BeniZ96wDgVdNHQEMpNCYg==
845164,LIBWKMCKP2F30X,f,Windows_NT,logout,2014-04-28 18:21:17.692,nmHOVTp8jo1ga/otGMvMQQ==
844676,LIBWKMCKP1F58X,f,Windows_NT,logout,2014-04-28 21:30:32.653,beccYFn1cJaKbqyRhk/HvA==
844974,LIBWKMCKP7F1X,f,Windows_NT,logout,2014-04-29 04:03:34.412,X+w55OIQjr2t9jbWczdf/g==
845242,LIBWKMCKP1F38X,f,Windows_NT,logout,2014-04-29 00:55:12.571,qWxHJ5GVW9b3UumpIj1r2g==
874008,LIBWKMCKM2F83A,f,Mac OS X 10.8.5,login,2014-04-28 15:48:01.84,pEaabI6swvFvw86VFWg7JA==
798419,LIBWKMCKM2F87A,f,Mac OS X 10.8.5,logout,2014-04-29 04:25:17.897,011PqXChBZBXyPFjKOkQwg==
801243,LIBWKMCKM2F97A,f,Mac OS X 10.8.5,logout,2014-04-29 01:20:29.616,aQpUumX06+RO1ecv2ENkzQ==
845005,LIBWKMCKP1F28X,f,Windows_NT,logout,2014-04-28 15:15:16.803,HQLFFDA9EEGTg1clZTzICg==
844717,LIBWKMCKP2F32X,f,Windows_NT,logout,2014-04-29 01:34:11.143,e2jvQDLz2NODcqeJ7cbLlw==
799230,LIBWKMCKM2F86A,f,Mac OS X 10.8.5,logout,2014-04-29 04:26:16.863,EegtP69uZSnFrNgGaTDcPw==
844514,LIBWKMCKP1F70X,f,Windows_NT,logout,2014-04-28 21:33:24.252,PUuAUg0omk0okamolXcqUg==
798306,LIBWKMCKM2F10A,f,Mac OS X 10.8.5,logout,2014-04-29 05:24:32.557,U4CXC+LZPXUgEQShlCKrZg==
800981,LIBWKMCKM2F75A,f,Mac OS X 10.8.5,logout,2014-04-29 02:03:08.179,ZdXy6HBKkhjerQ/ZPaJnRQ==
797952,libwkmckm1f87a,f,Mac OS X 10.8.5,logout,2014-04-28 21:37:54.062,lY2hjNC0cJWPTygaZVAqwQ==
874827,LIBWKMCKM2F4A,f,Mac OS X 10.8.5,logout,2014-04-28 20:46:11.199,xfKQOSSbHP3UkCVZ61vccw==
798539,libwkmckm1f67a,f,Mac OS X 10.8.5,login,2014-04-29 07:27:39.34,Mtv5//7evd38O3S+2ECTEA==
845098,LIBWKMCKP1F17X,f,Windows_NT,logout,2014-04-29 07:42:51.411,n5aDlnapcUcnhSapg6W+dg==
844655,LIBWKEPLP1F7X,f,Windows_NT,logout,2014-04-28 19:20:39.687,KW9NZv0WCc8jKMYpbTFbXg==
845214,LIBWKMCKP7F2X,f,Windows_NT,logout,2014-04-28 20:46:12.539,rNrDMuNUw4eeG9L5GpRJJg==
798354,LIBWKMCKM2F82A,f,Mac OS X 10.8.5,logout,2014-04-28 20:10:24.981,x3xy3346dd3OvyABofII9A==
846003,LIBWKMCKP1F50X,t,Windows_NT,logout,2014-04-28 23:06:01.349,P02q2NePHoqo7iqH/hROnw==
844898,LIBWKMCKP2F58X,f,Windows_NT,logout,2014-04-28 17:40:35.942,VdhTX3r9EmmzQLDuvBNWYA==
844936,LIBWKMCKP1F42X,f,Windows_NT,login,2014-04-29 07:41:23.36,cW4RXNt36Z7xiNKP27JoJw==
800382,LIBWKMCKM2F73A,f,Mac OS X 10.8.5,logout,2014-04-28 22:00:41.582,raVTcGM0djHPEidwvzB5Aw==
844976,LIBWKMCKP2F33X,f,Windows_NT,logout,2014-04-29 07:46:14.717,+prhN8Rx0KBknuxeJhsOhA==
1105138,LIBWKMCKM6F322B,f,Mac OS X 10.8.5,login,2014-04-28 18:42:05.23,1yLAEzajnjU/tLLq5Fculw==
1133048,LIBWKMCKDEL-025,f,Windows_NT,logout,2014-04-25 12:46:47.356,lbgxW9j1xJ/9lNgnzF7Okw==
844744,LIBWKMCKP1F66X,f,Windows_NT,logout,2014-04-29 02:29:22.263,lrQUSWuT9eq8JZF8iJYGLw==
899797,LIBWKMCKP1FMF5X,f,Windows_NT,logout,2014-04-28 18:48:01.439,xxPbEjvcH+UpdKGVM4Ww5A==
859999,LIBWKMCKP2F23X,f,Windows_NT,logout,2014-04-29 02:31:48.311,C+4/EwK0RMg3sNpUiJYujw==
845222,LIBWKMCKP1F48X,f,Windows_NT,logout,2014-04-29 02:43:43.278,1YoaqskiFHZxZ0vt2sA2mQ==
1133357,LIBWKMCKDEL-292,f,Windows_NT,logout,2014-04-25 13:13:58.595,lbgxW9j1xJ/9lNgnzF7Okw==
844673,LIBWKMCKP1F20X,f,Windows_NT,logout,2014-04-29 00:02:34.487,vkySjsiPeBovnXrsS3hDuA==
844770,LIBWKMCKP1F53X,f,Windows_NT,logout,2014-04-29 00:10:55.684,GHJVwYgh5urOMbQjSCbygQ==
844846,LIBWKMCKP2F54X,f,Windows_NT,logout,2014-04-28 22:59:54.424,sNJXZdCQkGDuqH0iFYipcg==
1131710,libwkmckm6f721b,f,Mac OS X 10.8.5,logout,2014-04-25 10:08:12.98,lbgxW9j1xJ/9lNgnzF7Okw==
844638,LIBWKMCKP2F34X,f,Windows_NT,logout,2014-04-29 03:03:57.842,0W/pbZKmHxwxWJu1QHbR9g==
844768,LIBWKMCKP2F18X,f,Windows_NT,logout,2014-04-29 03:15:38.1,O6sQiS3FuZGSJqDCw0Pbyw==
850742,LIBWKMCKP1F44X,f,Windows_NT,logout,2014-04-29 00:17:50.159,bRHeNvo9foDbdVYx+tso6Q==
844868,LIBWKMCKP1F57X,f,Windows_NT,logout,2014-04-28 19:49:06.504,JoQUvDn3dyaxULD+NXCpDA==
844686,LIBWKMCKP1F72X,f,Windows_NT,logout,2014-04-28 23:27:14.164,OBp83QiObUTDIXLv36mBHg==
844524,LIBWKMCKP1F67X,f,Windows_NT,login,2014-04-29 03:54:49.838,lCQvhY/ldAnP/hyT0OK4ww==
800544,libwkchmm1f14a,f,Mac OS X 10.8.5,login,2014-04-28 13:53:59.966,lgk5BTJS2QqPKKaxtjugSQ==
798581,LIBWKMCKM2F88A,f,Mac OS X 10.8.5,logout,2014-04-29 04:24:31.717,h5u7rNwaKnsZzUZ7wcKTTA==
800375,LIBWKMCKM2F14A,f,Mac OS X 10.8.5,logout,2014-04-29 05:45:55.756,f+CKzErJh9BbJgALNAP+eA==
844812,LIBWKMCKP2F59X,f,Windows_NT,logout,2014-04-29 00:37:20.097,qEL9AWcz43dBLjW1wpByBQ==
798285,LIBWKMCKM2F16A,f,Mac OS X 10.8.5,logout,2014-04-29 01:04:57.19,3PHP4ihAtOFrNV36iUfBNA==
844563,LIBWKMCKP1F3X,f,Windows_NT,logout,2014-04-29 01:27:46.415,KJjE1EdWBamEufMA0ACBzw==
844864,LIBWKMCKP2F66X,f,Windows_NT,logout,2014-04-29 05:47:59.968,VEZAsMbWe4SwRtZHUG9x7Q==
